AÑO DEL REPORTE DE INFORMACION;PERIODO DE LA INFORMACION REMITIDA;FECHA DE REPORTE DE LA INFORMACIÓN;CODIGO DE LA ENTIDAD ;NOMBRE DEL PROGRAMA ;CODIGO DE LINEA;NOMBRE DE LA LINEA DE INTERVENCION ;CODIGO DE SERVICIO;NOMBRE DEL SERVICIO;UBIGEO DE SU UBICACIÓN GEOGRÁFICA SEGÚN EL INEI;DEPARTAMENTO DEL CENTRO DE ATENCIÓN;PROVINCIA DEL CENTRO DE ATENCIÓN;DISTRITO DEL CENTRO DE ATENCIÓN;CODIGO DEL CAR;NOMBRE DEL CEDIF;N° DE CEDIF;N° DE POBLACION ATENDIDA - TOTAL;N° DE POBLACION ATENDIDA - HOMBRES;N° DE POBLACION ATENDIDA - MUJERES;N° DE POBLACION ATENDIDA - <1 - TOTAL;N° DE POBLACION ATENDIDA - <1 - HOMBRES;N° DE POBLACION ATENDIDA - <1 - MUJERES;N° DE POBLACION ATENDIDA - 1_11- TOTAL;N° DE POBLACION ATENDIDA - 1_11 - HOMBRES;N° DE POBLACION ATENDIDA - 1_11 - MUJERES;N° DE POBLACION ATENDIDA - 12_17 - TOTAL;N° DE POBLACION ATENDIDA - 12_17 - HOMBRES;N° DE POBLACION ATENDIDA - 12_17 - MUJERES;N° DE POBLACION ATENDIDA - 18_25 - TOTAL;N° DE POBLACION ATENDIDA - 18_25 - HOMBRES;N° DE POBLACION ATENDIDA - 18_25 - MUJERES;N° DE POBLACION ATENDIDA - 26_59 - TOTAL;N° DE POBLACION ATENDIDA - 26_59 - HOMBRES;N° DE POBLACION ATENDIDA - 26_59 - MUJERES;N° DE POBLACION ATENDIDA - 60_MAS - TOTAL;N° DE POBLACION ATENDIDA - 60_MAS - HOMBRES;N° DE POBLACION ATENDIDA - 60_MAS - MUJERES
2014;ENE - DIC;10/01/2015;ENT002;PROGRAMA INTEGRAL NACIONAL PARA EL BIENESTAR FAMILIAR;LIN004;PROMOCIÓN FAMILIAR;SER010;CENTRO DE DESARROLLO INTEGRAL DE LA FAMILIA;150110;LIMA METROPOLITANA;LIMA;COMAS;120100;AÑO NUEVO;1;917;305;612;0;;;312;;;55;;;97;;;376;;;77;;
2014;ENE - DIC;10/01/2015;ENT002;PROGRAMA INTEGRAL NACIONAL PARA EL BIENESTAR FAMILIAR;LIN004;PROMOCIÓN FAMILIAR;SER010;CENTRO DE DESARROLLO INTEGRAL DE LA FAMILIA;150110;LIMA METROPOLITANA;LIMA;COMAS;120200;COLLIQUE;1;547;177;370;0;;;214;;;54;;;60;;;186;;;33;;
2014;ENE - DIC;10/01/2015;ENT002;PROGRAMA INTEGRAL NACIONAL PARA EL BIENESTAR FAMILIAR;LIN004;PROMOCIÓN FAMILIAR;SER010;CENTRO DE DESARROLLO INTEGRAL DE LA FAMILIA;150107;LIMA METROPOLITANA;LIMA;CHACLACAYO;120300;DALIAS;1;853;320;533;0;;;385;;;144;;;49;;;207;;;68;;
2014;ENE - DIC;10/01/2015;ENT002;PROGRAMA INTEGRAL NACIONAL PARA EL BIENESTAR FAMILIAR;LIN004;PROMOCIÓN FAMILIAR;SER010;CENTRO DE DESARROLLO INTEGRAL DE LA FAMILIA;150143;LIMA METROPOLITANA;LIMA;VILLA MARIA DEL TRIUNFO;120400;ROSA DE LIMA;1;2,161;879;1,282;26;;;658;;;214;;;329;;;817;;;117;;
2014;ENE - DIC;10/01/2015;ENT002;PROGRAMA INTEGRAL NACIONAL PARA EL BIENESTAR FAMILIAR;LIN004;PROMOCIÓN FAMILIAR;SER010;CENTRO DE DESARROLLO INTEGRAL DE LA FAMILIA;150133;LIMA METROPOLITANA;LIMA;SAN JUAN DE MIRAFLORES;120500;PAMPLONA ALTA;1;1,509;640;869;0;;;753;;;354;;;90;;;220;;;92;;
2014;ENE - DIC;10/01/2015;ENT002;PROGRAMA INTEGRAL NACIONAL PARA EL BIENESTAR FAMILIAR;LIN004;PROMOCIÓN FAMILIAR;SER010;CENTRO DE DESARROLLO INTEGRAL DE LA FAMILIA;150101;LIMA METROPOLITANA;LIMA;LIMA;120600;PESTALOZZI;1;579;217;362;0;;;212;;;43;;;33;;;172;;;119;;
2014;ENE - DIC;10/01/2015;ENT002;PROGRAMA INTEGRAL NACIONAL PARA EL BIENESTAR FAMILIAR;LIN004;PROMOCIÓN FAMILIAR;SER010;CENTRO DE DESARROLLO INTEGRAL DE LA FAMILIA;150132;LIMA METROPOLITANA;LIMA;SAN JUAN DE LURIGANCHO;120800;SÁNCHEZ ARTEAGA;1;2,209;1,220;989;0;;;757;;;482;;;326;;;494;;;150;;
2014;ENE - DIC;10/01/2015;ENT002;PROGRAMA INTEGRAL NACIONAL PARA EL BIENESTAR FAMILIAR;LIN004;PROMOCIÓN FAMILIAR;SER010;CENTRO DE DESARROLLO INTEGRAL DE LA FAMILIA;150142;LIMA METROPOLITANA;LIMA;VILLA EL SALVADOR;120900;SANTA BERNARDITA;1;474;147;327;0;;;175;;;21;;;65;;;182;;;31;;
2014;ENE - DIC;10/01/2015;ENT002;PROGRAMA INTEGRAL NACIONAL PARA EL BIENESTAR FAMILIAR;LIN004;PROMOCIÓN FAMILIAR;SER010;CENTRO DE DESARROLLO INTEGRAL DE LA FAMILIA;150112;LIMA METROPOLITANA;LIMA;INDEPENDENCIA;121000;TAHUANTINSUYO;1;4,335;2,672;1,663;6;;;1,748;;;493;;;657;;;1,152;;;279;;
2014;ENE - DIC;10/01/2015;ENT002;PROGRAMA INTEGRAL NACIONAL PARA EL BIENESTAR FAMILIAR;LIN004;PROMOCIÓN FAMILIAR;SER010;CENTRO DE DESARROLLO INTEGRAL DE LA FAMILIA;150102;LIMA METROPOLITANA;LIMA;ANCÓN;121100;TURQUEZAS;1;1,461;549;912;0;;;662;;;236;;;58;;;412;;;93;;
2014;ENE - DIC;10/01/2015;ENT002;PROGRAMA INTEGRAL NACIONAL PARA EL BIENESTAR FAMILIAR;LIN004;PROMOCIÓN FAMILIAR;SER010;CENTRO DE DESARROLLO INTEGRAL DE LA FAMILIA;150142;LIMA METROPOLITANA;LIMA;VILLA EL SALVADOR;121200;SAN JUDAS TADEO;1;821;279;542;0;;;267;;;79;;;74;;;350;;;51;;
2014;ENE - DIC;10/01/2015;ENT002;PROGRAMA INTEGRAL NACIONAL PARA EL BIENESTAR FAMILIAR;LIN004;PROMOCIÓN FAMILIAR;SER010;CENTRO DE DESARROLLO INTEGRAL DE LA FAMILIA;150142;LIMA METROPOLITANA;LIMA;VILLA EL SALVADOR;121300;VILLA HERMOSA;1;766;309;457;0;;;322;;;107;;;41;;;260;;;36;;
2014;ENE - DIC;10/01/2015;ENT002;PROGRAMA INTEGRAL NACIONAL PARA EL BIENESTAR FAMILIAR;LIN004;PROMOCIÓN FAMILIAR;SER010;CENTRO DE DESARROLLO INTEGRAL DE LA FAMILIA;20101;ÁNCASH;HUARAZ;HUARAZ;130100;HUARÁZ;1;438;170;268;0;;;230;;;41;;;30;;;123;;;14;;
2014;ENE - DIC;10/01/2015;ENT002;PROGRAMA INTEGRAL NACIONAL PARA EL BIENESTAR FAMILIAR;LIN004;PROMOCIÓN FAMILIAR;SER010;CENTRO DE DESARROLLO INTEGRAL DE LA FAMILIA;50101;AYACUCHO;HUAMANGA;AYACUCHO;130200;AYACUCHO;1;985;428;557;0;;;336;;;254;;;27;;;288;;;80;;
2014;ENE - DIC;10/01/2015;ENT002;PROGRAMA INTEGRAL NACIONAL PARA EL BIENESTAR FAMILIAR;LIN004;PROMOCIÓN FAMILIAR;SER010;CENTRO DE DESARROLLO INTEGRAL DE LA FAMILIA;110301;ICA;NASCA;NASCA;130600;MAGDALENA ROBLES CANALES;1;477;182;295;0;;;200;;;55;;;36;;;151;;;35;;
2014;ENE - DIC;10/01/2015;ENT002;PROGRAMA INTEGRAL NACIONAL PARA EL BIENESTAR FAMILIAR;LIN004;PROMOCIÓN FAMILIAR;SER010;CENTRO DE DESARROLLO INTEGRAL DE LA FAMILIA;120305;JUNÍN;CHANCHAMAYO;SAN RAMÓN;130700;SAN RAMÓN;1;306;114;192;0;;;66;;;37;;;27;;;141;;;35;;
2014;ENE - DIC;10/01/2015;ENT002;PROGRAMA INTEGRAL NACIONAL PARA EL BIENESTAR FAMILIAR;LIN004;PROMOCIÓN FAMILIAR;SER010;CENTRO DE DESARROLLO INTEGRAL DE LA FAMILIA;160201;LORETO;ALTO AMAZONAS;YURIMAGUAS;131100;YURIMAGUAS;1;544;207;337;0;;;143;;;46;;;112;;;189;;;54;;
2014;ENE - DIC;10/01/2015;ENT002;PROGRAMA INTEGRAL NACIONAL PARA EL BIENESTAR FAMILIAR;LIN004;PROMOCIÓN FAMILIAR;SER010;CENTRO DE DESARROLLO INTEGRAL DE LA FAMILIA;210401;PUNO;CHUCUITO;JULI;131500;JULI;1;469;172;297;0;;;131;;;68;;;40;;;202;;;28;;
2014;ENE - DIC;10/01/2015;ENT002;PROGRAMA INTEGRAL NACIONAL PARA EL BIENESTAR FAMILIAR;LIN004;PROMOCIÓN FAMILIAR;SER010;CENTRO DE DESARROLLO INTEGRAL DE LA FAMILIA;230101;TACNA;TACNA;TACNA;131600;CABITOS;1;679;244;435;0;;;235;;;65;;;80;;;254;;;45;;
2014;ENE - DIC;10/01/2015;ENT002;PROGRAMA INTEGRAL NACIONAL PARA EL BIENESTAR FAMILIAR;LIN004;PROMOCIÓN FAMILIAR;SER010;CENTRO DE DESARROLLO INTEGRAL DE LA FAMILIA;230101;TACNA;TACNA;TACNA;131700;ROSA CODA MATORELL;1;434;135;299;0;;;114;;;25;;;64;;;220;;;11;;
2014;ENE - DIC;10/01/2015;ENT002;PROGRAMA INTEGRAL NACIONAL PARA EL BIENESTAR FAMILIAR;LIN004;PROMOCIÓN FAMILIAR;SER010;CENTRO DE DESARROLLO INTEGRAL DE LA FAMILIA;10201;AMAZONAS;BAGUA;BAGUA;131900;BAGUA;1;238;106;132;0;;;74;;;40;;;23;;;80;;;21;;
2013;ENE - DIC;5/01/2014;ENT002;PROGRAMA INTEGRAL NACIONAL PARA EL BIENESTAR FAMILIAR;LIN004;PROMOCIÓN FAMILIAR;SER010;CENTRO DE DESARROLLO INTEGRAL DE LA FAMILIA;150110;LIMA METROPOLITANA;LIMA;COMAS;120100;AÑO NUEVO;1;836;281;555;0;;;292;;;51;;;94;;;327;;;72;;
2013;ENE - DIC;5/01/2014;ENT002;PROGRAMA INTEGRAL NACIONAL PARA EL BIENESTAR FAMILIAR;LIN004;PROMOCIÓN FAMILIAR;SER010;CENTRO DE DESARROLLO INTEGRAL DE LA FAMILIA;150110;LIMA METROPOLITANA;LIMA;COMAS;120200;COLLIQUE;1;691;239;452;0;;;290;;;59;;;76;;;225;;;41;;
2013;ENE - DIC;5/01/2014;ENT002;PROGRAMA INTEGRAL NACIONAL PARA EL BIENESTAR FAMILIAR;LIN004;PROMOCIÓN FAMILIAR;SER010;CENTRO DE DESARROLLO INTEGRAL DE LA FAMILIA;150107;LIMA METROPOLITANA;LIMA;CHACLACAYO;120300;DALIAS;1;1,050;421;629;0;;;497;;;193;;;73;;;213;;;74;;
2013;ENE - DIC;5/01/2014;ENT002;PROGRAMA INTEGRAL NACIONAL PARA EL BIENESTAR FAMILIAR;LIN004;PROMOCIÓN FAMILIAR;SER010;CENTRO DE DESARROLLO INTEGRAL DE LA FAMILIA;150143;LIMA METROPOLITANA;LIMA;VILLA MARIA DEL TRIUNFO;120400;ROSA DE LIMA;1;2,262;846;1,416;24;;;586;;;243;;;322;;;921;;;166;;
2013;ENE - DIC;5/01/2014;ENT002;PROGRAMA INTEGRAL NACIONAL PARA EL BIENESTAR FAMILIAR;LIN004;PROMOCIÓN FAMILIAR;SER010;CENTRO DE DESARROLLO INTEGRAL DE LA FAMILIA;150133;LIMA METROPOLITANA;LIMA;SAN JUAN DE MIRAFLORES;120500;PAMPLONA ALTA;1;1,732;770;962;0;;;817;;;387;;;201;;;237;;;90;;
2013;ENE - DIC;5/01/2014;ENT002;PROGRAMA INTEGRAL NACIONAL PARA EL BIENESTAR FAMILIAR;LIN004;PROMOCIÓN FAMILIAR;SER010;CENTRO DE DESARROLLO INTEGRAL DE LA FAMILIA;150101;LIMA METROPOLITANA;LIMA;LIMA;120600;PESTALOZZI;1;667;285;382;0;;;271;;;68;;;35;;;150;;;143;;
2013;ENE - DIC;5/01/2014;ENT002;PROGRAMA INTEGRAL NACIONAL PARA EL BIENESTAR FAMILIAR;LIN004;PROMOCIÓN FAMILIAR;SER010;CENTRO DE DESARROLLO INTEGRAL DE LA FAMILIA;150132;LIMA METROPOLITANA;LIMA;SAN JUAN DE LURIGANCHO;120800;SÁNCHEZ ARTEAGA;1;1,814;1,010;804;0;;;483;;;425;;;340;;;432;;;134;;
2013;ENE - DIC;5/01/2014;ENT002;PROGRAMA INTEGRAL NACIONAL PARA EL BIENESTAR FAMILIAR;LIN004;PROMOCIÓN FAMILIAR;SER010;CENTRO DE DESARROLLO INTEGRAL DE LA FAMILIA;150142;LIMA METROPOLITANA;LIMA;VILLA EL SALVADOR;120900;SANTA BERNARDITA;1;502;144;358;0;;;178;;;27;;;69;;;192;;;36;;
2013;ENE - DIC;5/01/2014;ENT002;PROGRAMA INTEGRAL NACIONAL PARA EL BIENESTAR FAMILIAR;LIN004;PROMOCIÓN FAMILIAR;SER010;CENTRO DE DESARROLLO INTEGRAL DE LA FAMILIA;150112;LIMA METROPOLITANA;LIMA;INDEPENDENCIA;121000;TAHUANTINSUYO;1;4,302;2,594;1,708;9;;;1,717;;;617;;;539;;;1,131;;;289;;
2013;ENE - DIC;5/01/2014;ENT002;PROGRAMA INTEGRAL NACIONAL PARA EL BIENESTAR FAMILIAR;LIN004;PROMOCIÓN FAMILIAR;SER010;CENTRO DE DESARROLLO INTEGRAL DE LA FAMILIA;150102;LIMA METROPOLITANA;LIMA;ANCÓN;121100;TURQUEZAS;1;1,321;510;811;0;;;588;;;212;;;55;;;367;;;99;;
2013;ENE - DIC;5/01/2014;ENT002;PROGRAMA INTEGRAL NACIONAL PARA EL BIENESTAR FAMILIAR;LIN004;PROMOCIÓN FAMILIAR;SER010;CENTRO DE DESARROLLO INTEGRAL DE LA FAMILIA;150142;LIMA METROPOLITANA;LIMA;VILLA EL SALVADOR;121200;SAN JUDAS TADEO;1;591;215;376;0;;;214;;;64;;;45;;;237;;;31;;
2013;ENE - DIC;5/01/2014;ENT002;PROGRAMA INTEGRAL NACIONAL PARA EL BIENESTAR FAMILIAR;LIN004;PROMOCIÓN FAMILIAR;SER010;CENTRO DE DESARROLLO INTEGRAL DE LA FAMILIA;150142;LIMA METROPOLITANA;LIMA;VILLA EL SALVADOR;121300;VILLA HERMOSA;1;715;283;432;0;;;258;;;116;;;43;;;271;;;27;;
2013;ENE - DIC;5/01/2014;ENT002;PROGRAMA INTEGRAL NACIONAL PARA EL BIENESTAR FAMILIAR;LIN004;PROMOCIÓN FAMILIAR;SER010;CENTRO DE DESARROLLO INTEGRAL DE LA FAMILIA;20101;ÁNCASH;HUARAZ;HUARAZ;130100;HUARÁZ;1;400;150;250;0;;;179;;;35;;;23;;;144;;;19;;
2013;ENE - DIC;5/01/2014;ENT002;PROGRAMA INTEGRAL NACIONAL PARA EL BIENESTAR FAMILIAR;LIN004;PROMOCIÓN FAMILIAR;SER010;CENTRO DE DESARROLLO INTEGRAL DE LA FAMILIA;50101;AYACUCHO;HUAMANGA;AYACUCHO;130200;AYACUCHO;1;1,179;485;694;0;;;405;;;307;;;30;;;350;;;87;;
2013;ENE - DIC;5/01/2014;ENT002;PROGRAMA INTEGRAL NACIONAL PARA EL BIENESTAR FAMILIAR;LIN004;PROMOCIÓN FAMILIAR;SER010;CENTRO DE DESARROLLO INTEGRAL DE LA FAMILIA;110301;ICA;NASCA;NASCA;130600;MAGDALENA ROBLES CANALES;1;383;145;238;0;;;136;;;18;;;27;;;162;;;40;;
2013;ENE - DIC;5/01/2014;ENT002;PROGRAMA INTEGRAL NACIONAL PARA EL BIENESTAR FAMILIAR;LIN004;PROMOCIÓN FAMILIAR;SER010;CENTRO DE DESARROLLO INTEGRAL DE LA FAMILIA;120305;JUNÍN;CHANCHAMAYO;SAN RAMÓN;130700;SAN RAMÓN;1;351;125;226;0;;;55;;;39;;;52;;;169;;;36;;
2013;ENE - DIC;5/01/2014;ENT002;PROGRAMA INTEGRAL NACIONAL PARA EL BIENESTAR FAMILIAR;LIN004;PROMOCIÓN FAMILIAR;SER010;CENTRO DE DESARROLLO INTEGRAL DE LA FAMILIA;160201;LORETO;ALTO AMAZONAS;YURIMAGUAS;131100;YURIMAGUAS;1;706;211;495;0;;;142;;;60;;;177;;;274;;;53;;
2013;ENE - DIC;5/01/2014;ENT002;PROGRAMA INTEGRAL NACIONAL PARA EL BIENESTAR FAMILIAR;LIN004;PROMOCIÓN FAMILIAR;SER010;CENTRO DE DESARROLLO INTEGRAL DE LA FAMILIA;210401;PUNO;CHUCUITO;JULI;131500;JULI;1;446;195;251;0;;;108;;;67;;;20;;;173;;;78;;
2013;ENE - DIC;5/01/2014;ENT002;PROGRAMA INTEGRAL NACIONAL PARA EL BIENESTAR FAMILIAR;LIN004;PROMOCIÓN FAMILIAR;SER010;CENTRO DE DESARROLLO INTEGRAL DE LA FAMILIA;230101;TACNA;TACNA;TACNA;131600;CABITOS;1;818;285;533;0;;;248;;;60;;;157;;;313;;;40;;
2013;ENE - DIC;5/01/2014;ENT002;PROGRAMA INTEGRAL NACIONAL PARA EL BIENESTAR FAMILIAR;LIN004;PROMOCIÓN FAMILIAR;SER010;CENTRO DE DESARROLLO INTEGRAL DE LA FAMILIA;230101;TACNA;TACNA;TACNA;131700;ROSA CODA MATORELL;1;353;134;219;0;;;120;;;16;;;42;;;161;;;14;;
2013;ENE - DIC;5/01/2014;ENT002;PROGRAMA INTEGRAL NACIONAL PARA EL BIENESTAR FAMILIAR;LIN004;PROMOCIÓN FAMILIAR;SER010;CENTRO DE DESARROLLO INTEGRAL DE LA FAMILIA;10201;AMAZONAS;BAGUA;BAGUA;131900;BAGUA;1;220;91;129;0;;;62;;;36;;;19;;;82;;;21;;
2012;ENE - DIC;5/01/2013;ENT002;PROGRAMA INTEGRAL NACIONAL PARA EL BIENESTAR FAMILIAR;LIN004;PROMOCIÓN FAMILIAR;SER010;CENTRO DE DESARROLLO INTEGRAL DE LA FAMILIA;150110;LIMA METROPOLITANA;LIMA;COMAS;120100;AÑO NUEVO;1;716;241;475;0;;;267;;;42;;;50;;;305;;;52;;
2012;ENE - DIC;5/01/2013;ENT002;PROGRAMA INTEGRAL NACIONAL PARA EL BIENESTAR FAMILIAR;LIN004;PROMOCIÓN FAMILIAR;SER010;CENTRO DE DESARROLLO INTEGRAL DE LA FAMILIA;150110;LIMA METROPOLITANA;LIMA;COMAS;120200;COLLIQUE;1;600;226;374;0;;;300;;;54;;;43;;;165;;;38;;
2012;ENE - DIC;5/01/2013;ENT002;PROGRAMA INTEGRAL NACIONAL PARA EL BIENESTAR FAMILIAR;LIN004;PROMOCIÓN FAMILIAR;SER010;CENTRO DE DESARROLLO INTEGRAL DE LA FAMILIA;150107;LIMA METROPOLITANA;LIMA;CHACLACAYO;120300;DALIAS;1;943;361;582;0;;;410;;;189;;;62;;;215;;;67;;
2012;ENE - DIC;5/01/2013;ENT002;PROGRAMA INTEGRAL NACIONAL PARA EL BIENESTAR FAMILIAR;LIN004;PROMOCIÓN FAMILIAR;SER010;CENTRO DE DESARROLLO INTEGRAL DE LA FAMILIA;150143;LIMA METROPOLITANA;LIMA;VILLA MARIA DEL TRIUNFO;120400;ROSA DE LIMA;1;2,563;1,129;1,434;20;;;685;;;304;;;313;;;1,037;;;204;;
2012;ENE - DIC;5/01/2013;ENT002;PROGRAMA INTEGRAL NACIONAL PARA EL BIENESTAR FAMILIAR;LIN004;PROMOCIÓN FAMILIAR;SER010;CENTRO DE DESARROLLO INTEGRAL DE LA FAMILIA;150133;LIMA METROPOLITANA;LIMA;SAN JUAN DE MIRAFLORES;120500;PAMPLONA ALTA;1;1,431;601;830;0;;;672;;;328;;;66;;;284;;;81;;
2012;ENE - DIC;5/01/2013;ENT002;PROGRAMA INTEGRAL NACIONAL PARA EL BIENESTAR FAMILIAR;LIN004;PROMOCIÓN FAMILIAR;SER010;CENTRO DE DESARROLLO INTEGRAL DE LA FAMILIA;150101;LIMA METROPOLITANA;LIMA;LIMA;120600;PESTALOZZI;1;545;227;318;0;;;219;;;42;;;34;;;158;;;92;;
2012;ENE - DIC;5/01/2013;ENT002;PROGRAMA INTEGRAL NACIONAL PARA EL BIENESTAR FAMILIAR;LIN004;PROMOCIÓN FAMILIAR;SER010;CENTRO DE DESARROLLO INTEGRAL DE LA FAMILIA;150132;LIMA METROPOLITANA;LIMA;SAN JUAN DE LURIGANCHO;120800;SÁNCHEZ ARTEAGA;1;1,710;962;748;0;;;485;;;416;;;293;;;389;;;127;;
2012;ENE - DIC;5/01/2013;ENT002;PROGRAMA INTEGRAL NACIONAL PARA EL BIENESTAR FAMILIAR;LIN004;PROMOCIÓN FAMILIAR;SER010;CENTRO DE DESARROLLO INTEGRAL DE LA FAMILIA;150142;LIMA METROPOLITANA;LIMA;VILLA EL SALVADOR;120900;SANTA BERNARDITA;1;519;173;346;0;;;253;;;34;;;69;;;136;;;27;;
2012;ENE - DIC;5/01/2013;ENT002;PROGRAMA INTEGRAL NACIONAL PARA EL BIENESTAR FAMILIAR;LIN004;PROMOCIÓN FAMILIAR;SER010;CENTRO DE DESARROLLO INTEGRAL DE LA FAMILIA;150112;LIMA METROPOLITANA;LIMA;INDEPENDENCIA;121000;TAHUANTINSUYO;1;4,033;2,516;1,517;9;;;1,519;;;534;;;435;;;1,202;;;334;;
2012;ENE - DIC;5/01/2013;ENT002;PROGRAMA INTEGRAL NACIONAL PARA EL BIENESTAR FAMILIAR;LIN004;PROMOCIÓN FAMILIAR;SER010;CENTRO DE DESARROLLO INTEGRAL DE LA FAMILIA;150102;LIMA METROPOLITANA;LIMA;ANCÓN;121100;TURQUEZAS;1;1,296;502;794;0;;;590;;;186;;;37;;;388;;;95;;
2012;ENE - DIC;5/01/2013;ENT002;PROGRAMA INTEGRAL NACIONAL PARA EL BIENESTAR FAMILIAR;LIN004;PROMOCIÓN FAMILIAR;SER010;CENTRO DE DESARROLLO INTEGRAL DE LA FAMILIA;150142;LIMA METROPOLITANA;LIMA;VILLA EL SALVADOR;121200;SAN JUDAS TADEO;1;612;217;395;0;;;250;;;59;;;35;;;216;;;52;;
2012;ENE - DIC;5/01/2013;ENT002;PROGRAMA INTEGRAL NACIONAL PARA EL BIENESTAR FAMILIAR;LIN004;PROMOCIÓN FAMILIAR;SER010;CENTRO DE DESARROLLO INTEGRAL DE LA FAMILIA;150142;LIMA METROPOLITANA;LIMA;VILLA EL SALVADOR;121300;VILLA HERMOSA;1;646;255;391;0;;;254;;;69;;;52;;;238;;;33;;
2012;ENE - DIC;5/01/2013;ENT002;PROGRAMA INTEGRAL NACIONAL PARA EL BIENESTAR FAMILIAR;LIN004;PROMOCIÓN FAMILIAR;SER010;CENTRO DE DESARROLLO INTEGRAL DE LA FAMILIA;20101;ÁNCASH;HUARAZ;HUARAZ;130100;HUARÁZ;1;403;150;253;0;;;198;;;34;;;12;;;145;;;14;;
2012;ENE - DIC;5/01/2013;ENT002;PROGRAMA INTEGRAL NACIONAL PARA EL BIENESTAR FAMILIAR;LIN004;PROMOCIÓN FAMILIAR;SER010;CENTRO DE DESARROLLO INTEGRAL DE LA FAMILIA;50101;AYACUCHO;HUAMANGA;AYACUCHO;130200;AYACUCHO;1;1,208;503;705;0;;;410;;;328;;;38;;;338;;;94;;
2012;ENE - DIC;5/01/2013;ENT002;PROGRAMA INTEGRAL NACIONAL PARA EL BIENESTAR FAMILIAR;LIN004;PROMOCIÓN FAMILIAR;SER010;CENTRO DE DESARROLLO INTEGRAL DE LA FAMILIA;110301;ICA;NASCA;NASCA;130600;MAGDALENA ROBLES CANALES;1;346;131;215;0;;;168;;;16;;;44;;;84;;;34;;
2012;ENE - DIC;5/01/2013;ENT002;PROGRAMA INTEGRAL NACIONAL PARA EL BIENESTAR FAMILIAR;LIN004;PROMOCIÓN FAMILIAR;SER010;CENTRO DE DESARROLLO INTEGRAL DE LA FAMILIA;120305;JUNÍN;CHANCHAMAYO;SAN RAMÓN;130700;SAN RAMÓN;1;413;139;274;0;;;84;;;40;;;51;;;198;;;40;;
2012;ENE - DIC;5/01/2013;ENT002;PROGRAMA INTEGRAL NACIONAL PARA EL BIENESTAR FAMILIAR;LIN004;PROMOCIÓN FAMILIAR;SER010;CENTRO DE DESARROLLO INTEGRAL DE LA FAMILIA;160201;LORETO;ALTO AMAZONAS;YURIMAGUAS;131100;YURIMAGUAS;1;592;190;402;0;;;133;;;44;;;174;;;186;;;55;;
2012;ENE - DIC;5/01/2013;ENT002;PROGRAMA INTEGRAL NACIONAL PARA EL BIENESTAR FAMILIAR;LIN004;PROMOCIÓN FAMILIAR;SER010;CENTRO DE DESARROLLO INTEGRAL DE LA FAMILIA;210401;PUNO;CHUCUITO;JULI;131500;JULI;1;398;164;234;0;;;71;;;37;;;20;;;245;;;25;;
2012;ENE - DIC;5/01/2013;ENT002;PROGRAMA INTEGRAL NACIONAL PARA EL BIENESTAR FAMILIAR;LIN004;PROMOCIÓN FAMILIAR;SER010;CENTRO DE DESARROLLO INTEGRAL DE LA FAMILIA;230101;TACNA;TACNA;TACNA;131600;CABITOS;1;746;258;488;0;;;235;;;36;;;157;;;276;;;42;;
2012;ENE - DIC;5/01/2013;ENT002;PROGRAMA INTEGRAL NACIONAL PARA EL BIENESTAR FAMILIAR;LIN004;PROMOCIÓN FAMILIAR;SER010;CENTRO DE DESARROLLO INTEGRAL DE LA FAMILIA;230101;TACNA;TACNA;TACNA;131700;ROSA CODA MATORELL;1;370;135;235;0;;;138;;;25;;;40;;;152;;;15;;
2012;ENE - DIC;5/01/2013;ENT002;PROGRAMA INTEGRAL NACIONAL PARA EL BIENESTAR FAMILIAR;LIN004;PROMOCIÓN FAMILIAR;SER010;CENTRO DE DESARROLLO INTEGRAL DE LA FAMILIA;10201;AMAZONAS;BAGUA;BAGUA;131900;BAGUA;1;234;101;133;0;;;75;;;40;;;25;;;77;;;17;;
2015;ENE - DIC;11/01/2016;ENT002;PROGRAMA INTEGRAL NACIONAL PARA EL BIENESTAR FAMILIAR;LIN004;PROMOCIÓN FAMILIAR;SER010;CENTRO DE DESARROLLO INTEGRAL DE LA FAMILIA;150110;LIMA METROPOLITANA;LIMA;COMAS;120100;AÑO NUEVO;1;1,104;418;686;0;;;426;;;119;;;94;;;352;;;113;;
2015;ENE - DIC;11/01/2016;ENT002;PROGRAMA INTEGRAL NACIONAL PARA EL BIENESTAR FAMILIAR;LIN004;PROMOCIÓN FAMILIAR;SER010;CENTRO DE DESARROLLO INTEGRAL DE LA FAMILIA;150110;LIMA METROPOLITANA;LIMA;COMAS;120200;COLLIQUE;1;649;220;429;0;;;233;;;63;;;71;;;240;;;42;;
2015;ENE - DIC;11/01/2016;ENT002;PROGRAMA INTEGRAL NACIONAL PARA EL BIENESTAR FAMILIAR;LIN004;PROMOCIÓN FAMILIAR;SER010;CENTRO DE DESARROLLO INTEGRAL DE LA FAMILIA;150107;LIMA METROPOLITANA;LIMA;CHACLACAYO;120300;DALIAS;1;757;275;482;0;;;335;;;122;;;44;;;185;;;71;;
2015;ENE - DIC;11/01/2016;ENT002;PROGRAMA INTEGRAL NACIONAL PARA EL BIENESTAR FAMILIAR;LIN004;PROMOCIÓN FAMILIAR;SER010;CENTRO DE DESARROLLO INTEGRAL DE LA FAMILIA;150143;LIMA METROPOLITANA;LIMA;VILLA MARIA DEL TRIUNFO;120400;ROSA DE LIMA;1;1,849;815;1,034;15;;;644;;;226;;;273;;;552;;;139;;
2015;ENE - DIC;11/01/2016;ENT002;PROGRAMA INTEGRAL NACIONAL PARA EL BIENESTAR FAMILIAR;LIN004;PROMOCIÓN FAMILIAR;SER010;CENTRO DE DESARROLLO INTEGRAL DE LA FAMILIA;150133;LIMA METROPOLITANA;LIMA;SAN JUAN DE MIRAFLORES;120500;PAMPLONA ALTA;1;1,280;582;698;0;;;661;;;290;;;78;;;163;;;88;;
2015;ENE - DIC;11/01/2016;ENT002;PROGRAMA INTEGRAL NACIONAL PARA EL BIENESTAR FAMILIAR;LIN004;PROMOCIÓN FAMILIAR;SER010;CENTRO DE DESARROLLO INTEGRAL DE LA FAMILIA;150101;LIMA METROPOLITANA;LIMA;LIMA;120600;PESTALOZZI;1;423;170;253;0;;;158;;;37;;;11;;;119;;;98;;
2015;ENE - DIC;11/01/2016;ENT002;PROGRAMA INTEGRAL NACIONAL PARA EL BIENESTAR FAMILIAR;LIN004;PROMOCIÓN FAMILIAR;SER010;CENTRO DE DESARROLLO INTEGRAL DE LA FAMILIA;150132;LIMA METROPOLITANA;LIMA;SAN JUAN DE LURIGANCHO;120800;SÁNCHEZ ARTEAGA;1;2,064;1,152;912;0;;;681;;;395;;;292;;;504;;;192;;
2015;ENE - DIC;11/01/2016;ENT002;PROGRAMA INTEGRAL NACIONAL PARA EL BIENESTAR FAMILIAR;LIN004;PROMOCIÓN FAMILIAR;SER010;CENTRO DE DESARROLLO INTEGRAL DE LA FAMILIA;150142;LIMA METROPOLITANA;LIMA;VILLA EL SALVADOR;120900;SANTA BERNARDITA;1;505;178;327;2;;;197;;;31;;;59;;;177;;;39;;
2015;ENE - DIC;11/01/2016;ENT002;PROGRAMA INTEGRAL NACIONAL PARA EL BIENESTAR FAMILIAR;LIN004;PROMOCIÓN FAMILIAR;SER010;CENTRO DE DESARROLLO INTEGRAL DE LA FAMILIA;150112;LIMA METROPOLITANA;LIMA;INDEPENDENCIA;121000;TAHUANTINSUYO;1;3,008;1,790;1,218;2;;;1112;;;503;;;282;;;839;;;270;;
2015;ENE - DIC;11/01/2016;ENT002;PROGRAMA INTEGRAL NACIONAL PARA EL BIENESTAR FAMILIAR;LIN004;PROMOCIÓN FAMILIAR;SER010;CENTRO DE DESARROLLO INTEGRAL DE LA FAMILIA;150102;LIMA METROPOLITANA;LIMA;ANCÓN;121100;TURQUEZAS;1;1,254;487;767;0;;;579;;;191;;;56;;;306;;;122;;
2015;ENE - DIC;11/01/2016;ENT002;PROGRAMA INTEGRAL NACIONAL PARA EL BIENESTAR FAMILIAR;LIN004;PROMOCIÓN FAMILIAR;SER010;CENTRO DE DESARROLLO INTEGRAL DE LA FAMILIA;150142;LIMA METROPOLITANA;LIMA;VILLA EL SALVADOR;121200;SAN JUDAS TADEO;1;712;256;456;0;;;261;;;53;;;34;;;283;;;81;;
2015;ENE - DIC;11/01/2016;ENT002;PROGRAMA INTEGRAL NACIONAL PARA EL BIENESTAR FAMILIAR;LIN004;PROMOCIÓN FAMILIAR;SER010;CENTRO DE DESARROLLO INTEGRAL DE LA FAMILIA;150142;LIMA METROPOLITANA;LIMA;VILLA EL SALVADOR;121300;VILLA HERMOSA;1;762;294;468;0;;;306;;;98;;;42;;;265;;;51;;
2015;ENE - DIC;11/01/2016;ENT002;PROGRAMA INTEGRAL NACIONAL PARA EL BIENESTAR FAMILIAR;LIN004;PROMOCIÓN FAMILIAR;SER010;CENTRO DE DESARROLLO INTEGRAL DE LA FAMILIA;20101;ÁNCASH;HUARAZ;HUARAZ;130100;HUARÁZ;1;462;174;288;0;;;225;;;61;;;21;;;138;;;17;;
2015;ENE - DIC;11/01/2016;ENT002;PROGRAMA INTEGRAL NACIONAL PARA EL BIENESTAR FAMILIAR;LIN004;PROMOCIÓN FAMILIAR;SER010;CENTRO DE DESARROLLO INTEGRAL DE LA FAMILIA;50101;AYACUCHO;HUAMANGA;AYACUCHO;130200;AYACUCHO;1;850;389;461;0;;;296;;;257;;;34;;;185;;;78;;
2015;ENE - DIC;11/01/2016;ENT002;PROGRAMA INTEGRAL NACIONAL PARA EL BIENESTAR FAMILIAR;LIN004;PROMOCIÓN FAMILIAR;SER010;CENTRO DE DESARROLLO INTEGRAL DE LA FAMILIA;110301;ICA;NASCA;NASCA;130600;MAGDALENA ROBLES CANALES;1;364;151;213;0;;;136;;;34;;;38;;;123;;;33;;
2015;ENE - DIC;11/01/2016;ENT002;PROGRAMA INTEGRAL NACIONAL PARA EL BIENESTAR FAMILIAR;LIN004;PROMOCIÓN FAMILIAR;SER010;CENTRO DE DESARROLLO INTEGRAL DE LA FAMILIA;120305;JUNÍN;CHANCHAMAYO;SAN RAMÓN;130700;SAN RAMÓN;1;266;123;143;0;;;85;;;41;;;16;;;92;;;32;;
2015;ENE - DIC;11/01/2016;ENT002;PROGRAMA INTEGRAL NACIONAL PARA EL BIENESTAR FAMILIAR;LIN004;PROMOCIÓN FAMILIAR;SER010;CENTRO DE DESARROLLO INTEGRAL DE LA FAMILIA;160201;LORETO;ALTO AMAZONAS;YURIMAGUAS;131100;YURIMAGUAS;1;458;161;297;0;;;124;;;53;;;75;;;152;;;54;;
2015;ENE - DIC;11/01/2016;ENT002;PROGRAMA INTEGRAL NACIONAL PARA EL BIENESTAR FAMILIAR;LIN004;PROMOCIÓN FAMILIAR;SER010;CENTRO DE DESARROLLO INTEGRAL DE LA FAMILIA;210401;PUNO;CHUCUITO;JULI;131500;JULI;1;447;170;277;0;;;92;;;124;;;24;;;185;;;22;;
2015;ENE - DIC;11/01/2016;ENT002;PROGRAMA INTEGRAL NACIONAL PARA EL BIENESTAR FAMILIAR;LIN004;PROMOCIÓN FAMILIAR;SER010;CENTRO DE DESARROLLO INTEGRAL DE LA FAMILIA;230101;TACNA;TACNA;TACNA;131600;CABITOS;1;693;235;458;0;;;262;;;37;;;87;;;262;;;45;;
2015;ENE - DIC;11/01/2016;ENT002;PROGRAMA INTEGRAL NACIONAL PARA EL BIENESTAR FAMILIAR;LIN004;PROMOCIÓN FAMILIAR;SER010;CENTRO DE DESARROLLO INTEGRAL DE LA FAMILIA;230101;TACNA;TACNA;TACNA;131700;ROSA CODA MATORELL;1;437;155;282;0;;;164;;;27;;;45;;;188;;;13;;
2015;ENE - DIC;11/01/2016;ENT002;PROGRAMA INTEGRAL NACIONAL PARA EL BIENESTAR FAMILIAR;LIN004;PROMOCIÓN FAMILIAR;SER010;CENTRO DE DESARROLLO INTEGRAL DE LA FAMILIA;10201;AMAZONAS;BAGUA;BAGUA;131900;BAGUA;1;200;88;112;0;;;63;;;49;;;20;;;46;;;22;;
2015;ENE - DIC;11/01/2016;ENT002;PROGRAMA INTEGRAL NACIONAL PARA EL BIENESTAR FAMILIAR;LIN004;PROMOCIÓN FAMILIAR;SER010;CENTRO DE DESARROLLO INTEGRAL DE LA FAMILIA;90401;HUANCAVELICA;CASTROVIRREYNA;CASTROVIRREYNA;132000;CASTROVIRREYNA;1;95;36;59;0;;;41;;;44;;;1;;;0;;;9;;
2015;ENE - DIC;11/01/2016;ENT002;PROGRAMA INTEGRAL NACIONAL PARA EL BIENESTAR FAMILIAR;LIN004;PROMOCIÓN FAMILIAR;SER010;CENTRO DE DESARROLLO INTEGRAL DE LA FAMILIA;60101;CAJAMARCA;CAJAMARCA;CAJAMARCA;133000;CAJAMARCA;1;95;42;53;0;;;65;;;30;;;0;;;0;;;0;;
2015;ENE - DIC;11/01/2016;ENT002;PROGRAMA INTEGRAL NACIONAL PARA EL BIENESTAR FAMILIAR;LIN004;PROMOCIÓN FAMILIAR;SER010;CENTRO DE DESARROLLO INTEGRAL DE LA FAMILIA;160101;LORETO;MAYNAS;IQUITOS;134000;IQUITOS;1;0;0;0;0;;;0;;;0;;;0;;;0;;;0;;
2016;ENE - DIC;24/01/2016;ENT002;PROGRAMA INTEGRAL NACIONAL PARA EL BIENESTAR FAMILIAR;LIN004;PROMOCIÓN FAMILIAR;SER010;CENTRO DE DESARROLLO INTEGRAL DE LA FAMILIA;150110;LIMA METROPOLITANA;LIMA;COMAS;120100;AÑO NUEVO;1;5,339;1,586;3,753;2;1;1;1,764;833;931;640;200;440;322;38;284;2,088;256;1,832;523;257;266
2016;ENE - DIC;24/01/2016;ENT002;PROGRAMA INTEGRAL NACIONAL PARA EL BIENESTAR FAMILIAR;LIN004;PROMOCIÓN FAMILIAR;SER010;CENTRO DE DESARROLLO INTEGRAL DE LA FAMILIA;150110;LIMA METROPOLITANA;LIMA;COMAS;120200;COLLIQUE;1;5,816;1,519;4,297;1;0;1;581;275;306;400;198;202;811;202;609;3,721;746;2,975;302;98;204
2016;ENE - DIC;24/01/2016;ENT002;PROGRAMA INTEGRAL NACIONAL PARA EL BIENESTAR FAMILIAR;LIN004;PROMOCIÓN FAMILIAR;SER010;CENTRO DE DESARROLLO INTEGRAL DE LA FAMILIA;150107;LIMA METROPOLITANA;LIMA;CHACLACAYO;120300;DALIAS;1;2,631;703;1,928;0;0;0;663;334;329;218;88;130;405;32;373;1,123;178;945;222;72;150
2016;ENE - DIC;24/01/2016;ENT002;PROGRAMA INTEGRAL NACIONAL PARA EL BIENESTAR FAMILIAR;LIN004;PROMOCIÓN FAMILIAR;SER010;CENTRO DE DESARROLLO INTEGRAL DE LA FAMILIA;150143;LIMA METROPOLITANA;LIMA;VILLA MARÍA DEL TRIUNFO;120400;ROSA DE LIMA;1;18,056;8,785;9,271;7;4;3;5,697;2944;2753;2492;1384;1108;3,905;1,888;2,017;5,153;2,138;3,015;802;412;390
2016;ENE - DIC;24/01/2016;ENT002;PROGRAMA INTEGRAL NACIONAL PARA EL BIENESTAR FAMILIAR;LIN004;PROMOCIÓN FAMILIAR;SER010;CENTRO DE DESARROLLO INTEGRAL DE LA FAMILIA;150133;LIMA METROPOLITANA;LIMA;SAN JUAN DE MIRAFLORES;120500;PAMPLONA ALTA;1;6,969;2,478;4,491;2;1;1;2,706;1319;1387;969;487;482;566;110;456;1,841;201;1,640;885;356;529
2016;ENE - DIC;24/01/2016;ENT002;PROGRAMA INTEGRAL NACIONAL PARA EL BIENESTAR FAMILIAR;LIN004;PROMOCIÓN FAMILIAR;SER010;CENTRO DE DESARROLLO INTEGRAL DE LA FAMILIA;150101;LIMA METROPOLITANA;LIMA;LIMA;120600;PESTALOZZI;1;1,586;411;1,175;0;0;0;367;165;202;149;71;78;134;10;124;708;82;626;228;83;145
2016;ENE - DIC;24/01/2016;ENT002;PROGRAMA INTEGRAL NACIONAL PARA EL BIENESTAR FAMILIAR;LIN004;PROMOCIÓN FAMILIAR;SER010;CENTRO DE DESARROLLO INTEGRAL DE LA FAMILIA;150132;LIMA METROPOLITANA;LIMA;SAN JUAN DE LURIGANCHO;120800;SÁNCHEZ ARTEAGA;1;23,740;13,123;10,617;0;0;0;5,631;2964;2667;3444;1899;1545;5,991;3,769;2,222;7,675;4,279;3,396;999;211;788
2016;ENE - DIC;24/01/2016;ENT002;PROGRAMA INTEGRAL NACIONAL PARA EL BIENESTAR FAMILIAR;LIN004;PROMOCIÓN FAMILIAR;SER010;CENTRO DE DESARROLLO INTEGRAL DE LA FAMILIA;150142;LIMA METROPOLITANA;LIMA;VILLA EL SALVADOR;120900;SANTA BERNARDITA;1;2,473;478;1,995;1;0;1;226;119;107;66;34;32;442;45;397;1,580;230;1,350;158;56;102
2016;ENE - DIC;24/01/2016;ENT002;PROGRAMA INTEGRAL NACIONAL PARA EL BIENESTAR FAMILIAR;LIN004;PROMOCIÓN FAMILIAR;SER010;CENTRO DE DESARROLLO INTEGRAL DE LA FAMILIA;150112;LIMA METROPOLITANA;LIMA;INDEPENDENCIA;121000;TAHUANTINSUYO;1;35,735;22,197;13,538;7;1;6;11,110;6400;4710;8121;5189;2932;3,342;1,767;1,575;10,818;7,438;3,380;2,337;1399;938
2016;ENE - DIC;24/01/2016;ENT002;PROGRAMA INTEGRAL NACIONAL PARA EL BIENESTAR FAMILIAR;LIN004;PROMOCIÓN FAMILIAR;SER010;CENTRO DE DESARROLLO INTEGRAL DE LA FAMILIA;150102;LIMA METROPOLITANA;LIMA;ANCÓN;121100;TURQUEZAS;1;6,756;1,865;4,891;0;0;0;1,934;925;1009;737;382;355;439;33;406;3,057;293;2,764;589;235;354
2016;ENE - DIC;24/01/2016;ENT002;PROGRAMA INTEGRAL NACIONAL PARA EL BIENESTAR FAMILIAR;LIN004;PROMOCIÓN FAMILIAR;SER010;CENTRO DE DESARROLLO INTEGRAL DE LA FAMILIA;150142;LIMA METROPOLITANA;LIMA;VILLA EL SALVADOR;121200;SAN JUDAS TADEO;1;4,151;1,246;2,905;0;0;0;1,054;548;506;122;83;39;409;70;339;1,932;349;1,583;634;199;435
2016;ENE - DIC;24/01/2016;ENT002;PROGRAMA INTEGRAL NACIONAL PARA EL BIENESTAR FAMILIAR;LIN004;PROMOCIÓN FAMILIAR;SER010;CENTRO DE DESARROLLO INTEGRAL DE LA FAMILIA;150142;LIMA METROPOLITANA;LIMA;VILLA EL SALVADOR;121300;VILLA HERMOSA;1;9,032;2,964;6,068;0;0;0;1,735;884;851;1102;458;644;622;156;466;5,012;1,193;3,819;561;274;287
2016;ENE - DIC;24/01/2016;ENT002;PROGRAMA INTEGRAL NACIONAL PARA EL BIENESTAR FAMILIAR;LIN004;PROMOCIÓN FAMILIAR;SER010;CENTRO DE DESARROLLO INTEGRAL DE LA FAMILIA;20101;ÁNCASH;HUARAZ;HUARAZ;130100;HUARÁZ;1;1,810;482;1,328;0;0;0;414;196;218;47;26;21;161;26;135;1,108;195;913;80;39;41
2016;ENE - DIC;24/01/2016;ENT002;PROGRAMA INTEGRAL NACIONAL PARA EL BIENESTAR FAMILIAR;LIN004;PROMOCIÓN FAMILIAR;SER010;CENTRO DE DESARROLLO INTEGRAL DE LA FAMILIA;50101;AYACUCHO;HUAMANGA;AYACUCHO;130200;AYACUCHO;1;4,016;953;3,063;0;0;0;584;297;287;549;296;253;105;43;62;2,659;252;2,407;119;65;54
2016;ENE - DIC;24/01/2016;ENT002;PROGRAMA INTEGRAL NACIONAL PARA EL BIENESTAR FAMILIAR;LIN004;PROMOCIÓN FAMILIAR;SER010;CENTRO DE DESARROLLO INTEGRAL DE LA FAMILIA;110301;ICA;NASCA;NASCA;130600;MAGDALENA ROBLES CANALES;1;2,730;680;2,050;0;0;0;666;326;340;193;100;93;269;42;227;1,545;173;1,372;57;40;17
2016;ENE - DIC;24/01/2016;ENT002;PROGRAMA INTEGRAL NACIONAL PARA EL BIENESTAR FAMILIAR;LIN004;PROMOCIÓN FAMILIAR;SER010;CENTRO DE DESARROLLO INTEGRAL DE LA FAMILIA;120305;JUNÍN;CHANCHAMAYO;SAN RAMÓN;130700;SAN RAMÓN;1;944;262;682;0;0;0;147;82;65;47;20;27;125;24;101;545;93;452;80;40;40
2016;ENE - DIC;24/01/2016;ENT002;PROGRAMA INTEGRAL NACIONAL PARA EL BIENESTAR FAMILIAR;LIN004;PROMOCIÓN FAMILIAR;SER010;CENTRO DE DESARROLLO INTEGRAL DE LA FAMILIA;160201;LORETO;ALTO AMAZONAS;YURIMAGUAS;131100;YURIMAGUAS;1;3,131;884;2,247;0;0;0;371;182;189;213;101;112;604;178;426;1,472;310;1,162;471;113;358
2016;ENE - DIC;24/01/2016;ENT002;PROGRAMA INTEGRAL NACIONAL PARA EL BIENESTAR FAMILIAR;LIN004;PROMOCIÓN FAMILIAR;SER010;CENTRO DE DESARROLLO INTEGRAL DE LA FAMILIA;210401;PUNO;CHUCUITO;JULI;131500;JULI;1;4,166;1,087;3,079;0;0;0;370;210;160;253;124;129;235;42;193;3,180;652;2,528;128;60;68
2016;ENE - DIC;24/01/2016;ENT002;PROGRAMA INTEGRAL NACIONAL PARA EL BIENESTAR FAMILIAR;LIN004;PROMOCIÓN FAMILIAR;SER010;CENTRO DE DESARROLLO INTEGRAL DE LA FAMILIA;230101;TACNA;TACNA;TACNA;131600;CABITOS;1;2,455;438;2,017;0;0;0;287;145;142;69;28;41;340;30;310;1,696;208;1,488;63;26;37
2016;ENE - DIC;24/01/2016;ENT002;PROGRAMA INTEGRAL NACIONAL PARA EL BIENESTAR FAMILIAR;LIN004;PROMOCIÓN FAMILIAR;SER010;CENTRO DE DESARROLLO INTEGRAL DE LA FAMILIA;230101;TACNA;TACNA;TACNA;131700;ROSA CODA MATORELL;1;3,587;913;2,674;0;0;0;564;253;311;244;104;140;527;71;456;2,008;364;1,644;244;121;123
2016;ENE - DIC;24/01/2016;ENT002;PROGRAMA INTEGRAL NACIONAL PARA EL BIENESTAR FAMILIAR;LIN004;PROMOCIÓN FAMILIAR;SER010;CENTRO DE DESARROLLO INTEGRAL DE LA FAMILIA;10201;AMAZONAS;BAGUA;BAGUA;131900;BAGUA;1;925;263;662;0;0;0;103;57;46;59;24;35;132;28;104;571;123;448;60;30;30
2016;ENE - DIC;24/01/2016;ENT002;PROGRAMA INTEGRAL NACIONAL PARA EL BIENESTAR FAMILIAR;LIN004;PROMOCIÓN FAMILIAR;SER010;CENTRO DE DESARROLLO INTEGRAL DE LA FAMILIA;90401;HUANCAVELICA;CASTROVIRREYNA;CASTROVIRREYNA;132000;CASTROVIRREYNA;1;248;103;145;0;0;0;160;67;93;70;30;40;3;1;2;3;1;2;12;4;8
2016;ENE - DIC;24/01/2016;ENT002;PROGRAMA INTEGRAL NACIONAL PARA EL BIENESTAR FAMILIAR;LIN004;PROMOCIÓN FAMILIAR;SER010;CENTRO DE DESARROLLO INTEGRAL DE LA FAMILIA;60101;CAJAMARCA;CAJAMARCA;CAJAMARCA;133000;CAJAMARCA;1;242;116;126;0;0;0;179;90;89;63;26;37;0;0;0;0;0;0;0;0;0
2017;ENE - DIC;23/01/2018;ENT002;PROGRAMA INTEGRAL NACIONAL PARA EL BIENESTAR FAMILIAR;LIN004;PROMOCIÓN FAMILIAR;SER010;CENTRO DE DESARROLLO INTEGRAL DE LA FAMILIA;150110;LIMA METROPOLITANA;LIMA;COMAS;120100;AÑO NUEVO;1;5,823;2,189;3,634;0;0;0;2105;1044;1061;915;401;514;472;91;381;1740;321;1,419;591;332;259
2017;ENE - DIC;23/01/2018;ENT002;PROGRAMA INTEGRAL NACIONAL PARA EL BIENESTAR FAMILIAR;LIN004;PROMOCIÓN FAMILIAR;SER010;CENTRO DE DESARROLLO INTEGRAL DE LA FAMILIA;150110;LIMA METROPOLITANA;LIMA;COMAS;120200;COLLIQUE;1;8,615;2,694;5,921;0;0;0;1141;561;580;667;362;305;1571;563;1,008;4099;723;3,376;1137;485;652
2017;ENE - DIC;23/01/2018;ENT002;PROGRAMA INTEGRAL NACIONAL PARA EL BIENESTAR FAMILIAR;LIN004;PROMOCIÓN FAMILIAR;SER010;CENTRO DE DESARROLLO INTEGRAL DE LA FAMILIA;150107;LIMA METROPOLITANA;LIMA;CHACLACAYO;120300;DALIAS;1;2,962;665;2,297;0;0;0;466;240;226;140;64;76;292;38;254;1728;208;1,520;336;115;221
2017;ENE - DIC;23/01/2018;ENT002;PROGRAMA INTEGRAL NACIONAL PARA EL BIENESTAR FAMILIAR;LIN004;PROMOCIÓN FAMILIAR;SER010;CENTRO DE DESARROLLO INTEGRAL DE LA FAMILIA;150143;LIMA METROPOLITANA;LIMA;VILLA MARÍA DEL TRIUNFO;120400;ROSA DE LIMA;1;15,427;7,847;7,580;3;1;2;3242;1785;1457;1933;1150;783;4025;2,352;1,673;5168;2,276;2,892;1056;283;773
2017;ENE - DIC;23/01/2018;ENT002;PROGRAMA INTEGRAL NACIONAL PARA EL BIENESTAR FAMILIAR;LIN004;PROMOCIÓN FAMILIAR;SER010;CENTRO DE DESARROLLO INTEGRAL DE LA FAMILIA;150133;LIMA METROPOLITANA;LIMA;SAN JUAN DE MIRAFLORES;120500;PAMPLONA ALTA;1;7,455;2,184;5,271;3;2;1;1739;800;939;1368;560;808;1000;182;818;2673;365;2,308;672;275;397
2017;ENE - DIC;23/01/2018;ENT002;PROGRAMA INTEGRAL NACIONAL PARA EL BIENESTAR FAMILIAR;LIN004;PROMOCIÓN FAMILIAR;SER010;CENTRO DE DESARROLLO INTEGRAL DE LA FAMILIA;150101;LIMA METROPOLITANA;LIMA;LIMA;120600;PESTALOZZI;1;3,596;843;2,753;1;1;0;478;251;227;638;171;467;393;69;324;1618;235;1,383;468;116;352
2017;ENE - DIC;23/01/2018;ENT002;PROGRAMA INTEGRAL NACIONAL PARA EL BIENESTAR FAMILIAR;LIN004;PROMOCIÓN FAMILIAR;SER010;CENTRO DE DESARROLLO INTEGRAL DE LA FAMILIA;150132;LIMA METROPOLITANA;LIMA;SAN JUAN DE LURIGANCHO;120800;SÁNCHEZ ARTEAGA;1;26,779;15,990;10,789;0;0;0;1727;1021;706;1482;579;903;8487;5,324;3,163;14422;8,949;5,473;661;117;544
2017;ENE - DIC;23/01/2018;ENT002;PROGRAMA INTEGRAL NACIONAL PARA EL BIENESTAR FAMILIAR;LIN004;PROMOCIÓN FAMILIAR;SER010;CENTRO DE DESARROLLO INTEGRAL DE LA FAMILIA;150142;LIMA METROPOLITANA;LIMA;VILLA EL SALVADOR;120900;SANTA BERNARDITA;1;2,515;682;1,833;1;1;0;336;151;185;76;45;31;381;94;287;1318;204;1,114;403;187;216
2017;ENE - DIC;23/01/2018;ENT002;PROGRAMA INTEGRAL NACIONAL PARA EL BIENESTAR FAMILIAR;LIN004;PROMOCIÓN FAMILIAR;SER010;CENTRO DE DESARROLLO INTEGRAL DE LA FAMILIA;150112;LIMA METROPOLITANA;LIMA;INDEPENDENCIA;121000;TAHUANTINSUYO;1;24,970;15,070;9,900;7;5;2;4507;2523;1984;3963;1873;2090;2857;1,589;1,268;10723;7,415;3,308;2913;1665;1248
2017;ENE - DIC;23/01/2018;ENT002;PROGRAMA INTEGRAL NACIONAL PARA EL BIENESTAR FAMILIAR;LIN004;PROMOCIÓN FAMILIAR;SER010;CENTRO DE DESARROLLO INTEGRAL DE LA FAMILIA;150102;LIMA METROPOLITANA;LIMA;ANCÓN;121100;TURQUEZAS;1;6,840;1,807;5,033;0;0;0;1844;875;969;562;285;277;500;51;449;3181;345;2,836;753;251;502
2017;ENE - DIC;23/01/2018;ENT002;PROGRAMA INTEGRAL NACIONAL PARA EL BIENESTAR FAMILIAR;LIN004;PROMOCIÓN FAMILIAR;SER010;CENTRO DE DESARROLLO INTEGRAL DE LA FAMILIA;150142;LIMA METROPOLITANA;LIMA;VILLA EL SALVADOR;121200;SAN JUDAS TADEO;1;7,830;2,951;4,879;0;0;0;2591;1270;1321;1332;696;636;438;96;342;2203;521;1,682;1266;368;898
2017;ENE - DIC;23/01/2018;ENT002;PROGRAMA INTEGRAL NACIONAL PARA EL BIENESTAR FAMILIAR;LIN004;PROMOCIÓN FAMILIAR;SER010;CENTRO DE DESARROLLO INTEGRAL DE LA FAMILIA;150142;LIMA METROPOLITANA;LIMA;VILLA EL SALVADOR;121300;VILLA HERMOSA;1;10,620;3,917;6,703;0;0;0;2742;1422;1320;1441;660;781;798;169;629;4463;886;3,577;1176;780;396
2017;ENE - DIC;23/01/2018;ENT002;PROGRAMA INTEGRAL NACIONAL PARA EL BIENESTAR FAMILIAR;LIN004;PROMOCIÓN FAMILIAR;SER010;CENTRO DE DESARROLLO INTEGRAL DE LA FAMILIA;20101;ÁNCASH;HUARAZ;HUARAZ;130100;HUARÁZ;1;1,868;618;1,250;0;0;0;289;152;137;49;28;21;33;4;29;1456;411;1,045;41;23;18
2017;ENE - DIC;23/01/2018;ENT002;PROGRAMA INTEGRAL NACIONAL PARA EL BIENESTAR FAMILIAR;LIN004;PROMOCIÓN FAMILIAR;SER010;CENTRO DE DESARROLLO INTEGRAL DE LA FAMILIA;50101;AYACUCHO;HUAMANGA;AYACUCHO;130200;AYACUCHO;1;4,444;1,026;3,418;0;0;0;595;318;277;790;360;430;132;52;80;2774;235;2,539;153;61;92
2017;ENE - DIC;23/01/2018;ENT002;PROGRAMA INTEGRAL NACIONAL PARA EL BIENESTAR FAMILIAR;LIN004;PROMOCIÓN FAMILIAR;SER010;CENTRO DE DESARROLLO INTEGRAL DE LA FAMILIA;110301;ICA;NASCA;NASCA;130600;MAGDALENA ROBLES CANALES;1;1,425;333;1,092;0;0;0;200;108;92;63;39;24;184;22;162;929;127;802;49;37;12
2017;ENE - DIC;23/01/2018;ENT002;PROGRAMA INTEGRAL NACIONAL PARA EL BIENESTAR FAMILIAR;LIN004;PROMOCIÓN FAMILIAR;SER010;CENTRO DE DESARROLLO INTEGRAL DE LA FAMILIA;120305;JUNÍN;CHANCHAMAYO;SAN RAMÓN;130700;SAN RAMÓN;1;917;270;647;0;0;0;161;70;91;51;22;29;118;26;92;471;97;374;116;55;61
2017;ENE - DIC;23/01/2018;ENT002;PROGRAMA INTEGRAL NACIONAL PARA EL BIENESTAR FAMILIAR;LIN004;PROMOCIÓN FAMILIAR;SER010;CENTRO DE DESARROLLO INTEGRAL DE LA FAMILIA;160201;LORETO;ALTO AMAZONAS;YURIMAGUAS;131100;YURIMAGUAS;1;2,054;600;1,454;0;0;0;295;172;123;175;99;76;300;87;213;1119;181;938;165;61;104
2017;ENE - DIC;23/01/2018;ENT002;PROGRAMA INTEGRAL NACIONAL PARA EL BIENESTAR FAMILIAR;LIN004;PROMOCIÓN FAMILIAR;SER010;CENTRO DE DESARROLLO INTEGRAL DE LA FAMILIA;210401;PUNO;CHUCUITO;JULI;131500;JULI;1;3,394;722;2,672;0;0;0;275;147;128;149;61;88;301;61;240;2555;396;2,159;114;57;57
2017;ENE - DIC;23/01/2018;ENT002;PROGRAMA INTEGRAL NACIONAL PARA EL BIENESTAR FAMILIAR;LIN004;PROMOCIÓN FAMILIAR;SER010;CENTRO DE DESARROLLO INTEGRAL DE LA FAMILIA;230101;TACNA;TACNA;TACNA;131600;CABITOS;1;2,176;489;1,687;0;0;0;323;149;174;66;22;44;252;44;208;1471;242;1,229;64;32;32
2017;ENE - DIC;23/01/2018;ENT002;PROGRAMA INTEGRAL NACIONAL PARA EL BIENESTAR FAMILIAR;LIN004;PROMOCIÓN FAMILIAR;SER010;CENTRO DE DESARROLLO INTEGRAL DE LA FAMILIA;230101;TACNA;TACNA;TACNA;131700;ROSA CODA MATORELL;1;3,497;846;2,651;0;0;0;317;173;144;145;47;98;723;92;631;2123;417;1,706;189;117;72
2017;ENE - DIC;23/01/2018;ENT002;PROGRAMA INTEGRAL NACIONAL PARA EL BIENESTAR FAMILIAR;LIN004;PROMOCIÓN FAMILIAR;SER010;CENTRO DE DESARROLLO INTEGRAL DE LA FAMILIA;10201;AMAZONAS;BAGUA;BAGUA;131900;BAGUA;1;915;258;657;0;0;0;129;65;64;75;35;40;124;27;97;543;102;441;44;29;15
2017;ENE - DIC;23/01/2018;ENT002;PROGRAMA INTEGRAL NACIONAL PARA EL BIENESTAR FAMILIAR;LIN004;PROMOCIÓN FAMILIAR;SER010;CENTRO DE DESARROLLO INTEGRAL DE LA FAMILIA;90401;HUANCAVELICA;CASTROVIRREYNA;CASTROVIRREYNA;132000;CASTROVIRREYNA;1;188;82;106;0;0;0;100;42;58;73;34;39;4;3;1;3;1;2;8;2;6
2017;ENE - DIC;23/01/2018;ENT002;PROGRAMA INTEGRAL NACIONAL PARA EL BIENESTAR FAMILIAR;LIN004;PROMOCIÓN FAMILIAR;SER010;CENTRO DE DESARROLLO INTEGRAL DE LA FAMILIA;60101;CAJAMARCA;CAJAMARCA;CAJAMARCA;133000;CAJAMARCA;1;170;81;89;0;0;0;122;58;64;48;23;25;0;0;0;0;0;0;0;0;0
2017;ENE - DIC;23/01/2018;ENT002;PROGRAMA INTEGRAL NACIONAL PARA EL BIENESTAR FAMILIAR;LIN004;PROMOCIÓN FAMILIAR;SER010;CENTRO DE DESARROLLO INTEGRAL DE LA FAMILIA;170101;MADRE DE DIOS;TAMBOPATA;TAMBOPATA;134000;TAMBOPATA;1;41;19;22;0;0;0;31;15;16;10;4;6;0;0;0;0;0;0;0;0;0
2018;ENE - DIC;15/01/2019;ENT002;PROGRAMA INTEGRAL NACIONAL PARA EL BIENESTAR FAMILIAR;LIN004;PROMOCIÓN FAMILIAR;SER010;CENTRO DE DESARROLLO INTEGRAL DE LA FAMILIA;150110;LIMA METROPOLITANA;LIMA;COMAS;120100;AÑO NUEVO;1;598;320;278;0;0;0;456;249;207;69;28;41;;;;;;;73;43;30
2018;ENE - DIC;15/01/2019;ENT002;PROGRAMA INTEGRAL NACIONAL PARA EL BIENESTAR FAMILIAR;LIN004;PROMOCIÓN FAMILIAR;SER010;CENTRO DE DESARROLLO INTEGRAL DE LA FAMILIA;150110;LIMA METROPOLITANA;LIMA;COMAS;120200;COLLIQUE;1;279;150;129;0;0;0;211;113;98;37;17;20;;;;;;;31;20;11
2018;ENE - DIC;15/01/2019;ENT002;PROGRAMA INTEGRAL NACIONAL PARA EL BIENESTAR FAMILIAR;LIN004;PROMOCIÓN FAMILIAR;SER010;CENTRO DE DESARROLLO INTEGRAL DE LA FAMILIA;150107;LIMA METROPOLITANA;LIMA;CHACLACAYO;120300;DALIAS;1;531;259;272;0;0;0;332;166;166;141;70;71;;;;;;;58;23;35
2018;ENE - DIC;15/01/2019;ENT002;PROGRAMA INTEGRAL NACIONAL PARA EL BIENESTAR FAMILIAR;LIN004;PROMOCIÓN FAMILIAR;SER010;CENTRO DE DESARROLLO INTEGRAL DE LA FAMILIA;150143;LIMA METROPOLITANA;LIMA;VILLA MARÍA DEL TRIUNFO;120400;ROSA DE LIMA;1;829;434;395;0;0;0;642;339;303;89;45;44;;;;;;;98;50;48
2018;ENE - DIC;15/01/2019;ENT002;PROGRAMA INTEGRAL NACIONAL PARA EL BIENESTAR FAMILIAR;LIN004;PROMOCIÓN FAMILIAR;SER010;CENTRO DE DESARROLLO INTEGRAL DE LA FAMILIA;150133;LIMA METROPOLITANA;LIMA;SAN JUAN DE MIRAFLORES;120500;PAMPLONA ALTA;1;1,027;525;502;0;0;0;646;320;326;303;173;130;;;;;;;78;32;46
2018;ENE - DIC;15/01/2019;ENT002;PROGRAMA INTEGRAL NACIONAL PARA EL BIENESTAR FAMILIAR;LIN004;PROMOCIÓN FAMILIAR;SER010;CENTRO DE DESARROLLO INTEGRAL DE LA FAMILIA;150101;LIMA METROPOLITANA;LIMA;LIMA;120600;PESTALOZZI;1;329;179;150;0;0;0;167;93;74;95;58;37;;;;;;;67;28;39
2018;ENE - DIC;15/01/2019;ENT002;PROGRAMA INTEGRAL NACIONAL PARA EL BIENESTAR FAMILIAR;LIN004;PROMOCIÓN FAMILIAR;SER010;CENTRO DE DESARROLLO INTEGRAL DE LA FAMILIA;150132;LIMA METROPOLITANA;LIMA;SAN JUAN DE LURIGANCHO;120800;SÁNCHEZ ARTEAGA;1;388;164;224;0;0;0;198;98;100;74;38;36;;;;;;;116;28;88
2018;ENE - DIC;15/01/2019;ENT002;PROGRAMA INTEGRAL NACIONAL PARA EL BIENESTAR FAMILIAR;LIN004;PROMOCIÓN FAMILIAR;SER010;CENTRO DE DESARROLLO INTEGRAL DE LA FAMILIA;150142;LIMA METROPOLITANA;LIMA;VILLA EL SALVADOR;120900;SANTA BERNARDITA;1;179;90;89;0;0;0;143;78;65;10;3;7;;;;;;;26;9;17
2018;ENE - DIC;15/01/2019;ENT002;PROGRAMA INTEGRAL NACIONAL PARA EL BIENESTAR FAMILIAR;LIN004;PROMOCIÓN FAMILIAR;SER010;CENTRO DE DESARROLLO INTEGRAL DE LA FAMILIA;150112;LIMA METROPOLITANA;LIMA;INDEPENDENCIA;121000;TAHUANTINSUYO;1;755;411;344;0;0;0;479;261;218;107;51;56;;;;;;;169;99;70
2018;ENE - DIC;15/01/2019;ENT002;PROGRAMA INTEGRAL NACIONAL PARA EL BIENESTAR FAMILIAR;LIN004;PROMOCIÓN FAMILIAR;SER010;CENTRO DE DESARROLLO INTEGRAL DE LA FAMILIA;150102;LIMA METROPOLITANA;LIMA;ANCÓN;121100;TURQUEZAS;1;1,426;701;725;0;0;0;831;388;443;388;207;181;;;;;;;207;106;101
2018;ENE - DIC;15/01/2019;ENT002;PROGRAMA INTEGRAL NACIONAL PARA EL BIENESTAR FAMILIAR;LIN004;PROMOCIÓN FAMILIAR;SER010;CENTRO DE DESARROLLO INTEGRAL DE LA FAMILIA;150142;LIMA METROPOLITANA;LIMA;VILLA EL SALVADOR;121200;SAN JUDAS TADEO;1;331;164;167;0;0;0;257;131;126;37;20;17;;;;;;;37;13;24
2018;ENE - DIC;15/01/2019;ENT002;PROGRAMA INTEGRAL NACIONAL PARA EL BIENESTAR FAMILIAR;LIN004;PROMOCIÓN FAMILIAR;SER010;CENTRO DE DESARROLLO INTEGRAL DE LA FAMILIA;150142;LIMA METROPOLITANA;LIMA;VILLA EL SALVADOR;121300;VILLA HERMOSA;1;431;234;197;0;0;0;311;168;143;88;47;41;;;;;;;32;19;13
2018;ENE - DIC;15/01/2019;ENT002;PROGRAMA INTEGRAL NACIONAL PARA EL BIENESTAR FAMILIAR;LIN004;PROMOCIÓN FAMILIAR;SER010;CENTRO DE DESARROLLO INTEGRAL DE LA FAMILIA;20101;ÁNCASH;HUARAZ;HUARAZ;130100;HUARÁZ;1;346;183;163;0;0;0;266;142;124;57;29;28;;;;;;;23;12;11
2018;ENE - DIC;15/01/2019;ENT002;PROGRAMA INTEGRAL NACIONAL PARA EL BIENESTAR FAMILIAR;LIN004;PROMOCIÓN FAMILIAR;SER010;CENTRO DE DESARROLLO INTEGRAL DE LA FAMILIA;50101;AYACUCHO;HUAMANGA;AYACUCHO;130200;AYACUCHO;1;1,025;547;478;0;0;0;397;213;184;500;275;225;;;;;;;128;59;69
2018;ENE - DIC;15/01/2019;ENT002;PROGRAMA INTEGRAL NACIONAL PARA EL BIENESTAR FAMILIAR;LIN004;PROMOCIÓN FAMILIAR;SER010;CENTRO DE DESARROLLO INTEGRAL DE LA FAMILIA;110301;ICA;NASCA;NASCA;130600;MAGDALENA ROBLES CANALES;1;263;152;111;0;0;0;159;83;76;63;35;28;;;;;;;41;34;7
2018;ENE - DIC;15/01/2019;ENT002;PROGRAMA INTEGRAL NACIONAL PARA EL BIENESTAR FAMILIAR;LIN004;PROMOCIÓN FAMILIAR;SER010;CENTRO DE DESARROLLO INTEGRAL DE LA FAMILIA;120305;JUNÍN;CHANCHAMAYO;SAN RAMÓN;130700;SAN RAMÓN;1;157;83;74;0;0;0;96;46;50;26;12;14;;;;;;;35;25;10
2018;ENE - DIC;15/01/2019;ENT002;PROGRAMA INTEGRAL NACIONAL PARA EL BIENESTAR FAMILIAR;LIN004;PROMOCIÓN FAMILIAR;SER010;CENTRO DE DESARROLLO INTEGRAL DE LA FAMILIA;160201;LORETO;ALTO AMAZONAS;YURIMAGUAS;131100;YURIMAGUAS;1;260;127;133;0;0;0;166;87;79;49;26;23;;;;;;;45;14;31
2018;ENE - DIC;15/01/2019;ENT002;PROGRAMA INTEGRAL NACIONAL PARA EL BIENESTAR FAMILIAR;LIN004;PROMOCIÓN FAMILIAR;SER010;CENTRO DE DESARROLLO INTEGRAL DE LA FAMILIA;210401;PUNO;CHUCUITO;JULI;131500;JULI;1;367;188;179;0;0;0;173;87;86;164;89;75;;;;;;;30;12;18
2018;ENE - DIC;15/01/2019;ENT002;PROGRAMA INTEGRAL NACIONAL PARA EL BIENESTAR FAMILIAR;LIN004;PROMOCIÓN FAMILIAR;SER010;CENTRO DE DESARROLLO INTEGRAL DE LA FAMILIA;230101;TACNA;TACNA;TACNA;131600;CABITOS;1;411;206;205;0;0;0;275;141;134;84;34;50;;;;;;;52;31;21
2018;ENE - DIC;15/01/2019;ENT002;PROGRAMA INTEGRAL NACIONAL PARA EL BIENESTAR FAMILIAR;LIN004;PROMOCIÓN FAMILIAR;SER010;CENTRO DE DESARROLLO INTEGRAL DE LA FAMILIA;230101;TACNA;TACNA;TACNA;131700;ROSA CODA MATORELL;1;265;146;119;0;0;0;218;121;97;29;14;15;;;;;;;18;11;7
2018;ENE - DIC;15/01/2019;ENT002;PROGRAMA INTEGRAL NACIONAL PARA EL BIENESTAR FAMILIAR;LIN004;PROMOCIÓN FAMILIAR;SER010;CENTRO DE DESARROLLO INTEGRAL DE LA FAMILIA;10201;AMAZONAS;BAGUA;BAGUA;131900;BAGUA;1;217;114;103;0;0;0;117;59;58;75;38;37;;;;;;;25;17;8
2018;ENE - DIC;15/01/2019;ENT002;PROGRAMA INTEGRAL NACIONAL PARA EL BIENESTAR FAMILIAR;LIN004;PROMOCIÓN FAMILIAR;SER010;CENTRO DE DESARROLLO INTEGRAL DE LA FAMILIA;90401;HUANCAVELICA;CASTROVIRREYNA;CASTROVIRREYNA;132000;CASTROVIRREYNA;1;211;102;109;0;0;0;113;56;57;83;44;39;;;;;;;15;2;13
2018;ENE - DIC;15/01/2019;ENT002;PROGRAMA INTEGRAL NACIONAL PARA EL BIENESTAR FAMILIAR;LIN004;PROMOCIÓN FAMILIAR;SER010;CENTRO DE DESARROLLO INTEGRAL DE LA FAMILIA;60101;CAJAMARCA;CAJAMARCA;CAJAMARCA;133000;CAJAMARCA;1;173;94;79;0;0;0;119;66;53;54;28;26;;;;;;;0;0;0
2018;ENE - DIC;15/01/2019;ENT002;PROGRAMA INTEGRAL NACIONAL PARA EL BIENESTAR FAMILIAR;LIN004;PROMOCIÓN FAMILIAR;SER010;CENTRO DE DESARROLLO INTEGRAL DE LA FAMILIA;170101;MADRE DE DIOS;TAMBOPATA;TAMBOPATA;134000;TAMBOPATA;1;96;41;55;0;0;0;71;33;38;25;8;17;;;;;;;0;0;0
2019;ENE - DIC;14/01/2020;ENT002;PROGRAMA INTEGRAL NACIONAL PARA EL BIENESTAR FAMILIAR;LIN004;PROMOCIÓN FAMILIAR;SER010;CENTRO DE DESARROLLO INTEGRAL DE LA FAMILIA;150110;LIMA METROPOLITANA;LIMA;COMAS;120100;AÑO NUEVO;1;501;261;240;0;0;0;387;196;191;48;21;27;;;;;;;66;44;22
2019;ENE - DIC;14/01/2020;ENT002;PROGRAMA INTEGRAL NACIONAL PARA EL BIENESTAR FAMILIAR;LIN004;PROMOCIÓN FAMILIAR;SER010;CENTRO DE DESARROLLO INTEGRAL DE LA FAMILIA;150110;LIMA METROPOLITANA;LIMA;COMAS;120200;COLLIQUE;1;239;122;117;0;0;0;166;78;88;38;22;16;;;;;;;35;22;13
2019;ENE - DIC;14/01/2020;ENT002;PROGRAMA INTEGRAL NACIONAL PARA EL BIENESTAR FAMILIAR;LIN004;PROMOCIÓN FAMILIAR;SER010;CENTRO DE DESARROLLO INTEGRAL DE LA FAMILIA;150107;LIMA METROPOLITANA;LIMA;CHACLACAYO;120300;DALIAS;1;566;286;280;0;0;0;342;181;161;162;79;83;;;;;;;62;26;36
2019;ENE - DIC;14/01/2020;ENT002;PROGRAMA INTEGRAL NACIONAL PARA EL BIENESTAR FAMILIAR;LIN004;PROMOCIÓN FAMILIAR;SER010;CENTRO DE DESARROLLO INTEGRAL DE LA FAMILIA;150143;LIMA METROPOLITANA;LIMA;VILLA MARÍA DEL TRIUNFO;120400;ROSA DE LIMA;1;695;359;336;0;0;0;517;274;243;76;38;38;;;;;;;102;47;55
2019;ENE - DIC;14/01/2020;ENT002;PROGRAMA INTEGRAL NACIONAL PARA EL BIENESTAR FAMILIAR;LIN004;PROMOCIÓN FAMILIAR;SER010;CENTRO DE DESARROLLO INTEGRAL DE LA FAMILIA;150133;LIMA METROPOLITANA;LIMA;SAN JUAN DE MIRAFLORES;120500;PAMPLONA ALTA;1;510;250;260;0;0;0;382;190;192;80;38;42;;;;;;;48;22;26
2019;ENE - DIC;14/01/2020;ENT002;PROGRAMA INTEGRAL NACIONAL PARA EL BIENESTAR FAMILIAR;LIN004;PROMOCIÓN FAMILIAR;SER010;CENTRO DE DESARROLLO INTEGRAL DE LA FAMILIA;150101;LIMA METROPOLITANA;LIMA;LIMA;120600;PESTALOZZI;1;368;194;174;0;0;0;218;117;101;90;50;40;;;;;;;60;27;33
2019;ENE - DIC;14/01/2020;ENT002;PROGRAMA INTEGRAL NACIONAL PARA EL BIENESTAR FAMILIAR;LIN004;PROMOCIÓN FAMILIAR;SER010;CENTRO DE DESARROLLO INTEGRAL DE LA FAMILIA;150132;LIMA METROPOLITANA;LIMA;SAN JUAN DE LURIGANCHO;120800;SÁNCHEZ ARTEAGA;1;302;158;144;0;0;0;171;95;76;58;38;20;;;;;;;73;25;48
2019;ENE - DIC;14/01/2020;ENT002;PROGRAMA INTEGRAL NACIONAL PARA EL BIENESTAR FAMILIAR;LIN004;PROMOCIÓN FAMILIAR;SER010;CENTRO DE DESARROLLO INTEGRAL DE LA FAMILIA;150142;LIMA METROPOLITANA;LIMA;VILLA EL SALVADOR;120900;SANTA BERNARDITA;1;182;82;100;0;0;0;144;70;74;12;2;10;;;;;;;26;10;16
2019;ENE - DIC;14/01/2020;ENT002;PROGRAMA INTEGRAL NACIONAL PARA EL BIENESTAR FAMILIAR;LIN004;PROMOCIÓN FAMILIAR;SER010;CENTRO DE DESARROLLO INTEGRAL DE LA FAMILIA;150112;LIMA METROPOLITANA;LIMA;INDEPENDENCIA;121000;TAHUANTINSUYO;1;567;310;257;0;0;0;374;212;162;57;24;33;;;;;;;136;74;62
2019;ENE - DIC;14/01/2020;ENT002;PROGRAMA INTEGRAL NACIONAL PARA EL BIENESTAR FAMILIAR;LIN004;PROMOCIÓN FAMILIAR;SER010;CENTRO DE DESARROLLO INTEGRAL DE LA FAMILIA;150102;LIMA METROPOLITANA;LIMA;ANCÓN;121100;TURQUEZAS;1;1320;628;692;0;0;0;782;360;422;362;187;175;;;;;;;176;81;95
2019;ENE - DIC;14/01/2020;ENT002;PROGRAMA INTEGRAL NACIONAL PARA EL BIENESTAR FAMILIAR;LIN004;PROMOCIÓN FAMILIAR;SER010;CENTRO DE DESARROLLO INTEGRAL DE LA FAMILIA;150142;LIMA METROPOLITANA;LIMA;VILLA EL SALVADOR;121200;SAN JUDAS TADEO;1;312;157;155;0;0;0;234;125;109;40;20;20;;;;;;;38;12;26
2019;ENE - DIC;14/01/2020;ENT002;PROGRAMA INTEGRAL NACIONAL PARA EL BIENESTAR FAMILIAR;LIN004;PROMOCIÓN FAMILIAR;SER010;CENTRO DE DESARROLLO INTEGRAL DE LA FAMILIA;150142;LIMA METROPOLITANA;LIMA;VILLA EL SALVADOR;121300;VILLA HERMOSA;1;451;236;215;0;0;0;328;166;162;81;50;31;;;;;;;42;20;22
2019;ENE - DIC;14/01/2020;ENT002;PROGRAMA INTEGRAL NACIONAL PARA EL BIENESTAR FAMILIAR;LIN004;PROMOCIÓN FAMILIAR;SER010;CENTRO DE DESARROLLO INTEGRAL DE LA FAMILIA;20101;ÁNCASH;HUARAZ;HUARAZ;130100;HUARÁZ;1;368;189;179;2;0;2;287;147;140;54;28;26;;;;;;;25;14;11
2019;ENE - DIC;14/01/2020;ENT002;PROGRAMA INTEGRAL NACIONAL PARA EL BIENESTAR FAMILIAR;LIN004;PROMOCIÓN FAMILIAR;SER010;CENTRO DE DESARROLLO INTEGRAL DE LA FAMILIA;50101;AYACUCHO;HUAMANGA;AYACUCHO;130200;AYACUCHO;1;604;316;288;0;0;0;236;123;113;241;125;116;;;;;;;127;68;59
2019;ENE - DIC;14/01/2020;ENT002;PROGRAMA INTEGRAL NACIONAL PARA EL BIENESTAR FAMILIAR;LIN004;PROMOCIÓN FAMILIAR;SER010;CENTRO DE DESARROLLO INTEGRAL DE LA FAMILIA;110301;ICA;NASCA;NASCA;130600;MAGDALENA ROBLES CANALES;1;277;157;120;0;0;0;180;92;88;48;24;24;;;;;;;49;41;8
2019;ENE - DIC;14/01/2020;ENT002;PROGRAMA INTEGRAL NACIONAL PARA EL BIENESTAR FAMILIAR;LIN004;PROMOCIÓN FAMILIAR;SER010;CENTRO DE DESARROLLO INTEGRAL DE LA FAMILIA;120305;JUNÍN;CHANCHAMAYO;SAN RAMÓN;130700;SAN RAMÓN;1;175;92;83;0;0;0;106;52;54;25;11;14;;;;;;;44;29;15
2019;ENE - DIC;14/01/2020;ENT002;PROGRAMA INTEGRAL NACIONAL PARA EL BIENESTAR FAMILIAR;LIN004;PROMOCIÓN FAMILIAR;SER010;CENTRO DE DESARROLLO INTEGRAL DE LA FAMILIA;160201;LORETO;ALTO AMAZONAS;YURIMAGUAS;131100;YURIMAGUAS;1;344;172;172;0;0;0;207;107;100;69;41;28;;;;;;;68;24;44
2019;ENE - DIC;14/01/2020;ENT002;PROGRAMA INTEGRAL NACIONAL PARA EL BIENESTAR FAMILIAR;LIN004;PROMOCIÓN FAMILIAR;SER010;CENTRO DE DESARROLLO INTEGRAL DE LA FAMILIA;210401;PUNO;CHUCUITO;JULI;131500;JULI;1;271;132;139;0;0;0;134;62;72;98;53;45;;;;;;;39;17;22
2019;ENE - DIC;14/01/2020;ENT002;PROGRAMA INTEGRAL NACIONAL PARA EL BIENESTAR FAMILIAR;LIN004;PROMOCIÓN FAMILIAR;SER010;CENTRO DE DESARROLLO INTEGRAL DE LA FAMILIA;230101;TACNA;TACNA;TACNA;131600;CABITOS;1;392;203;189;0;0;0;272;135;137;60;31;29;;;;;;;60;37;23
2019;ENE - DIC;14/01/2020;ENT002;PROGRAMA INTEGRAL NACIONAL PARA EL BIENESTAR FAMILIAR;LIN004;PROMOCIÓN FAMILIAR;SER010;CENTRO DE DESARROLLO INTEGRAL DE LA FAMILIA;230101;TACNA;TACNA;TACNA;131700;ROSA CODA MATORELL;1;281;153;128;0;0;0;236;122;114;18;12;6;;;;;;;27;19;8
2019;ENE - DIC;14/01/2020;ENT002;PROGRAMA INTEGRAL NACIONAL PARA EL BIENESTAR FAMILIAR;LIN004;PROMOCIÓN FAMILIAR;SER010;CENTRO DE DESARROLLO INTEGRAL DE LA FAMILIA;10201;AMAZONAS;BAGUA;BAGUA;131900;BAGUA;1;189;93;96;0;0;0;105;40;65;52;28;24;;;;;;;32;25;7
2019;ENE - DIC;14/01/2020;ENT002;PROGRAMA INTEGRAL NACIONAL PARA EL BIENESTAR FAMILIAR;LIN004;PROMOCIÓN FAMILIAR;SER010;CENTRO DE DESARROLLO INTEGRAL DE LA FAMILIA;90401;HUANCAVELICA;CASTROVIRREYNA;CASTROVIRREYNA;132000;CASTROVIRREYNA;1;275;126;149;0;0;0;146;66;80;99;46;53;;;;;;;30;14;16
2019;ENE - DIC;14/01/2020;ENT002;PROGRAMA INTEGRAL NACIONAL PARA EL BIENESTAR FAMILIAR;LIN004;PROMOCIÓN FAMILIAR;SER010;CENTRO DE DESARROLLO INTEGRAL DE LA FAMILIA;60101;CAJAMARCA;CAJAMARCA;CAJAMARCA;133000;CAJAMARCA;1;186;103;83;0;0;0;119;73;46;67;30;37;;;;;;;0;0;0
2019;ENE - DIC;14/01/2020;ENT002;PROGRAMA INTEGRAL NACIONAL PARA EL BIENESTAR FAMILIAR;LIN004;PROMOCIÓN FAMILIAR;SER010;CENTRO DE DESARROLLO INTEGRAL DE LA FAMILIA;170101;MADRE DE DIOS;TAMBOPATA;TAMBOPATA;134000;TAMBOPATA;1;61;33;28;0;0;0;47;25;22;14;8;6;;;;;;;0;0;0
2020;ENE - DIC;15/01/2021;ENT002;PROGRAMA INTEGRAL NACIONAL PARA EL BIENESTAR FAMILIAR;LIN004;PROMOCIÓN FAMILIAR;SER010;CENTRO DE DESARROLLO INTEGRAL DE LA FAMILIA;150110;LIMA METROPOLITANA;LIMA;COMAS;120100;AÑO NUEVO;1;405;209;196;0;0;0;331;164;167;18;9;9;;;;;;;56;36;20
2020;ENE - DIC;15/01/2021;ENT002;PROGRAMA INTEGRAL NACIONAL PARA EL BIENESTAR FAMILIAR;LIN004;PROMOCIÓN FAMILIAR;SER010;CENTRO DE DESARROLLO INTEGRAL DE LA FAMILIA;150110;LIMA METROPOLITANA;LIMA;COMAS;120200;COLLIQUE;1;217;134;83;0;0;0;162;101;61;27;16;11;;;;;;;28;17;11
2020;ENE - DIC;15/01/2021;ENT002;PROGRAMA INTEGRAL NACIONAL PARA EL BIENESTAR FAMILIAR;LIN004;PROMOCIÓN FAMILIAR;SER010;CENTRO DE DESARROLLO INTEGRAL DE LA FAMILIA;150107;LIMA METROPOLITANA;LIMA;CHACLACAYO;120300;DALIAS;1;462;223;239;0;0;0;330;154;176;77;45;32;;;;;;;55;24;31
2020;ENE - DIC;15/01/2021;ENT002;PROGRAMA INTEGRAL NACIONAL PARA EL BIENESTAR FAMILIAR;LIN004;PROMOCIÓN FAMILIAR;SER010;CENTRO DE DESARROLLO INTEGRAL DE LA FAMILIA;150143;LIMA METROPOLITANA;LIMA;VILLA MARÍA DEL TRIUNFO;120400;ROSA DE LIMA;1;512;265;247;0;0;0;350;188;162;78;40;38;;;;;;;84;37;47
2020;ENE - DIC;15/01/2021;ENT002;PROGRAMA INTEGRAL NACIONAL PARA EL BIENESTAR FAMILIAR;LIN004;PROMOCIÓN FAMILIAR;SER010;CENTRO DE DESARROLLO INTEGRAL DE LA FAMILIA;150133;LIMA METROPOLITANA;LIMA;SAN JUAN DE MIRAFLORES;120500;PAMPLONA ALTA;1;472;242;230;0;0;0;361;196;165;67;27;40;;;;;;;44;19;25
2020;ENE - DIC;15/01/2021;ENT002;PROGRAMA INTEGRAL NACIONAL PARA EL BIENESTAR FAMILIAR;LIN004;PROMOCIÓN FAMILIAR;SER010;CENTRO DE DESARROLLO INTEGRAL DE LA FAMILIA;150101;LIMA METROPOLITANA;LIMA;LIMA;120600;PESTALOZZI;1;239;137;102;0;0;0;147;89;58;41;25;16;;;;;;;51;23;28
2020;ENE - DIC;15/01/2021;ENT002;PROGRAMA INTEGRAL NACIONAL PARA EL BIENESTAR FAMILIAR;LIN004;PROMOCIÓN FAMILIAR;SER010;CENTRO DE DESARROLLO INTEGRAL DE LA FAMILIA;150132;LIMA METROPOLITANA;LIMA;SAN JUAN DE LURIGANCHO;120800;SÁNCHEZ ARTEAGA;1;184;78;106;0;0;0;104;50;54;16;9;7;;;;;;;64;19;45
2020;ENE - DIC;15/01/2021;ENT002;PROGRAMA INTEGRAL NACIONAL PARA EL BIENESTAR FAMILIAR;LIN004;PROMOCIÓN FAMILIAR;SER010;CENTRO DE DESARROLLO INTEGRAL DE LA FAMILIA;150142;LIMA METROPOLITANA;LIMA;VILLA EL SALVADOR;120900;SANTA BERNARDITA;1;124;61;63;0;0;0;86;44;42;22;11;11;;;;;;;16;6;10
2020;ENE - DIC;15/01/2021;ENT002;PROGRAMA INTEGRAL NACIONAL PARA EL BIENESTAR FAMILIAR;LIN004;PROMOCIÓN FAMILIAR;SER010;CENTRO DE DESARROLLO INTEGRAL DE LA FAMILIA;150112;LIMA METROPOLITANA;LIMA;INDEPENDENCIA;121000;TAHUANTINSUYO;1;483;260;223;0;0;0;277;149;128;75;36;39;;;;;;;131;75;56
2020;ENE - DIC;15/01/2021;ENT002;PROGRAMA INTEGRAL NACIONAL PARA EL BIENESTAR FAMILIAR;LIN004;PROMOCIÓN FAMILIAR;SER010;CENTRO DE DESARROLLO INTEGRAL DE LA FAMILIA;150102;LIMA METROPOLITANA;LIMA;ANCÓN;121100;TURQUEZAS;1;846;418;428;0;0;0;351;173;178;369;186;183;;;;;;;126;59;67
2020;ENE - DIC;15/01/2021;ENT002;PROGRAMA INTEGRAL NACIONAL PARA EL BIENESTAR FAMILIAR;LIN004;PROMOCIÓN FAMILIAR;SER010;CENTRO DE DESARROLLO INTEGRAL DE LA FAMILIA;150142;LIMA METROPOLITANA;LIMA;VILLA EL SALVADOR;121200;SAN JUDAS TADEO;1;299;153;146;0;0;0;210;106;104;52;34;18;;;;;;;37;13;24
2020;ENE - DIC;15/01/2021;ENT002;PROGRAMA INTEGRAL NACIONAL PARA EL BIENESTAR FAMILIAR;LIN004;PROMOCIÓN FAMILIAR;SER010;CENTRO DE DESARROLLO INTEGRAL DE LA FAMILIA;150142;LIMA METROPOLITANA;LIMA;VILLA EL SALVADOR;121300;VILLA HERMOSA;1;275;142;133;0;0;0;167;84;83;80;42;38;;;;;;;28;16;12
2020;ENE - DIC;15/01/2021;ENT002;PROGRAMA INTEGRAL NACIONAL PARA EL BIENESTAR FAMILIAR;LIN004;PROMOCIÓN FAMILIAR;SER010;CENTRO DE DESARROLLO INTEGRAL DE LA FAMILIA;20101;ÁNCASH;HUARAZ;HUARAZ;130100;HUARÁZ;1;291;146;145;0;0;0;229;116;113;36;16;20;;;;;;;26;14;12
2020;ENE - DIC;15/01/2021;ENT002;PROGRAMA INTEGRAL NACIONAL PARA EL BIENESTAR FAMILIAR;LIN004;PROMOCIÓN FAMILIAR;SER010;CENTRO DE DESARROLLO INTEGRAL DE LA FAMILIA;50101;AYACUCHO;HUAMANGA;AYACUCHO;130200;AYACUCHO;1;410;224;186;0;0;0;221;125;96;83;39;44;;;;;;;106;60;46
2020;ENE - DIC;15/01/2021;ENT002;PROGRAMA INTEGRAL NACIONAL PARA EL BIENESTAR FAMILIAR;LIN004;PROMOCIÓN FAMILIAR;SER010;CENTRO DE DESARROLLO INTEGRAL DE LA FAMILIA;110301;ICA;NASCA;NASCA;130600;MAGDALENA ROBLES CANALES;1;236;130;106;0;0;0;169;83;86;24;12;12;;;;;;;43;35;8
2020;ENE - DIC;15/01/2021;ENT002;PROGRAMA INTEGRAL NACIONAL PARA EL BIENESTAR FAMILIAR;LIN004;PROMOCIÓN FAMILIAR;SER010;CENTRO DE DESARROLLO INTEGRAL DE LA FAMILIA;120305;JUNÍN;CHANCHAMAYO;SAN RAMÓN;130700;SAN RAMÓN;1;146;84;62;0;0;0;76;42;34;27;16;11;;;;;;;43;26;17
2020;ENE - DIC;15/01/2021;ENT002;PROGRAMA INTEGRAL NACIONAL PARA EL BIENESTAR FAMILIAR;LIN004;PROMOCIÓN FAMILIAR;SER010;CENTRO DE DESARROLLO INTEGRAL DE LA FAMILIA;160201;LORETO;ALTO AMAZONAS;YURIMAGUAS;131100;YURIMAGUAS;1;236;126;110;0;0;0;86;47;39;102;61;41;;;;;;;48;18;30
2020;ENE - DIC;15/01/2021;ENT002;PROGRAMA INTEGRAL NACIONAL PARA EL BIENESTAR FAMILIAR;LIN004;PROMOCIÓN FAMILIAR;SER010;CENTRO DE DESARROLLO INTEGRAL DE LA FAMILIA;210401;PUNO;CHUCUITO;JULI;131500;JULI;1;229;110;119;0;0;0;124;55;69;75;41;34;;;;;;;30;14;16
2020;ENE - DIC;15/01/2021;ENT002;PROGRAMA INTEGRAL NACIONAL PARA EL BIENESTAR FAMILIAR;LIN004;PROMOCIÓN FAMILIAR;SER010;CENTRO DE DESARROLLO INTEGRAL DE LA FAMILIA;230101;TACNA;TACNA;TACNA;131600;CABITOS;1;303;156;147;0;0;0;238;112;126;13;9;4;;;;;;;52;35;17
2020;ENE - DIC;15/01/2021;ENT002;PROGRAMA INTEGRAL NACIONAL PARA EL BIENESTAR FAMILIAR;LIN004;PROMOCIÓN FAMILIAR;SER010;CENTRO DE DESARROLLO INTEGRAL DE LA FAMILIA;230101;TACNA;TACNA;TACNA;131700;ROSA CODA MATORELL;1;227;119;108;0;0;0;173;85;88;39;23;16;;;;;;;15;11;4
2020;ENE - DIC;15/01/2021;ENT002;PROGRAMA INTEGRAL NACIONAL PARA EL BIENESTAR FAMILIAR;LIN004;PROMOCIÓN FAMILIAR;SER010;CENTRO DE DESARROLLO INTEGRAL DE LA FAMILIA;10201;AMAZONAS;BAGUA;BAGUA;131900;BAGUA;1;160;93;67;0;0;0;93;54;39;36;17;19;;;;;;;31;22;9
2020;ENE - DIC;15/01/2021;ENT002;PROGRAMA INTEGRAL NACIONAL PARA EL BIENESTAR FAMILIAR;LIN004;PROMOCIÓN FAMILIAR;SER010;CENTRO DE DESARROLLO INTEGRAL DE LA FAMILIA;90401;HUANCAVELICA;CASTROVIRREYNA;CASTROVIRREYNA;132000;CASTROVIRREYNA;1;228;112;116;0;0;0;154;80;74;50;24;26;;;;;;;24;8;16
2020;ENE - DIC;15/01/2021;ENT002;PROGRAMA INTEGRAL NACIONAL PARA EL BIENESTAR FAMILIAR;LIN004;PROMOCIÓN FAMILIAR;SER010;CENTRO DE DESARROLLO INTEGRAL DE LA FAMILIA;60101;CAJAMARCA;CAJAMARCA;CAJAMARCA;133000;CAJAMARCA;1;130;72;58;0;0;0;97;55;42;33;17;16;;;;;;;0;0;0
2020;ENE - DIC;15/01/2021;ENT002;PROGRAMA INTEGRAL NACIONAL PARA EL BIENESTAR FAMILIAR;LIN004;PROMOCIÓN FAMILIAR;SER010;CENTRO DE DESARROLLO INTEGRAL DE LA FAMILIA;170101;MADRE DE DIOS;TAMBOPATA;TAMBOPATA;134000;TAMBOPATA;1;57;29;28;0;0;0;37;18;19;20;11;9;;;;;;;0;0;0
2021;ENE - DIC;15/01/2022;ENT002;PROGRAMA INTEGRAL NACIONAL PARA EL BIENESTAR FAMILIAR;LIN004;PROMOCIÓN FAMILIAR;SER010;CENTRO DE DESARROLLO INTEGRAL DE LA FAMILIA;150110;LIMA METROPOLITANA;LIMA;COMAS;120100;AÑO NUEVO;1;454;239;215;0;0;0;338;170;168;52;33;19;1;0;1;;;;63;36;27
2021;ENE - DIC;15/01/2022;ENT002;PROGRAMA INTEGRAL NACIONAL PARA EL BIENESTAR FAMILIAR;LIN004;PROMOCIÓN FAMILIAR;SER010;CENTRO DE DESARROLLO INTEGRAL DE LA FAMILIA;150110;LIMA METROPOLITANA;LIMA;COMAS;120200;COLLIQUE;1;272;147;125;0;0;0;168;91;77;52;28;24;4;3;1;;;;48;25;23
2021;ENE - DIC;15/01/2022;ENT002;PROGRAMA INTEGRAL NACIONAL PARA EL BIENESTAR FAMILIAR;LIN004;PROMOCIÓN FAMILIAR;SER010;CENTRO DE DESARROLLO INTEGRAL DE LA FAMILIA;150107;LIMA METROPOLITANA;LIMA;CHACLACAYO;120300;DALIAS;1;591;298;293;0;0;0;361;187;174;151;77;74;14;7;7;;;;65;27;38
2021;ENE - DIC;15/01/2022;ENT002;PROGRAMA INTEGRAL NACIONAL PARA EL BIENESTAR FAMILIAR;LIN004;PROMOCIÓN FAMILIAR;SER010;CENTRO DE DESARROLLO INTEGRAL DE LA FAMILIA;150143;LIMA METROPOLITANA;LIMA;VILLA MARÍA DEL TRIUNFO;120400;ROSA DE LIMA;1;435;227;208;0;0;0;287;158;129;77;36;41;2;1;1;;;;69;32;37
2021;ENE - DIC;15/01/2022;ENT002;PROGRAMA INTEGRAL NACIONAL PARA EL BIENESTAR FAMILIAR;LIN004;PROMOCIÓN FAMILIAR;SER010;CENTRO DE DESARROLLO INTEGRAL DE LA FAMILIA;150133;LIMA METROPOLITANA;LIMA;SAN JUAN DE MIRAFLORES;120500;PAMPLONA ALTA;1;527;253;274;0;0;0;399;203;196;68;26;42;5;1;4;;;;55;23;32
2021;ENE - DIC;15/01/2022;ENT002;PROGRAMA INTEGRAL NACIONAL PARA EL BIENESTAR FAMILIAR;LIN004;PROMOCIÓN FAMILIAR;SER010;CENTRO DE DESARROLLO INTEGRAL DE LA FAMILIA;150101;LIMA METROPOLITANA;LIMA;LIMA;120600;PESTALOZZI;1;248;128;120;0;0;0;146;80;66;47;21;26;4;3;1;;;;51;24;27
2021;ENE - DIC;15/01/2022;ENT002;PROGRAMA INTEGRAL NACIONAL PARA EL BIENESTAR FAMILIAR;LIN004;PROMOCIÓN FAMILIAR;SER010;CENTRO DE DESARROLLO INTEGRAL DE LA FAMILIA;150132;LIMA METROPOLITANA;LIMA;SAN JUAN DE LURIGANCHO;120800;SÁNCHEZ ARTEAGA;1;179;64;115;0;0;0;90;45;45;14;6;8;0;0;0;;;;75;13;62
2021;ENE - DIC;15/01/2022;ENT002;PROGRAMA INTEGRAL NACIONAL PARA EL BIENESTAR FAMILIAR;LIN004;PROMOCIÓN FAMILIAR;SER010;CENTRO DE DESARROLLO INTEGRAL DE LA FAMILIA;150142;LIMA METROPOLITANA;LIMA;VILLA EL SALVADOR;120900;SANTA BERNARDITA;1;122;52;70;0;0;0;83;38;45;13;6;7;0;0;0;;;;26;8;18
2021;ENE - DIC;15/01/2022;ENT002;PROGRAMA INTEGRAL NACIONAL PARA EL BIENESTAR FAMILIAR;LIN004;PROMOCIÓN FAMILIAR;SER010;CENTRO DE DESARROLLO INTEGRAL DE LA FAMILIA;150112;LIMA METROPOLITANA;LIMA;INDEPENDENCIA;121000;TAHUANTINSUYO;1;492;272;220;1;1;0;307;170;137;65;30;35;1;1;0;;;;118;70;48
2021;ENE - DIC;15/01/2022;ENT002;PROGRAMA INTEGRAL NACIONAL PARA EL BIENESTAR FAMILIAR;LIN004;PROMOCIÓN FAMILIAR;SER010;CENTRO DE DESARROLLO INTEGRAL DE LA FAMILIA;150102;LIMA METROPOLITANA;LIMA;ANCÓN;121100;TURQUEZAS;1;852;432;420;0;0;0;454;232;222;245;133;112;8;5;3;;;;145;62;83
2021;ENE - DIC;15/01/2022;ENT002;PROGRAMA INTEGRAL NACIONAL PARA EL BIENESTAR FAMILIAR;LIN004;PROMOCIÓN FAMILIAR;SER010;CENTRO DE DESARROLLO INTEGRAL DE LA FAMILIA;150142;LIMA METROPOLITANA;LIMA;VILLA EL SALVADOR;121200;SAN JUDAS TADEO;1;322;146;176;0;0;0;240;112;128;39;19;20;1;0;1;;;;42;15;27
2021;ENE - DIC;15/01/2022;ENT002;PROGRAMA INTEGRAL NACIONAL PARA EL BIENESTAR FAMILIAR;LIN004;PROMOCIÓN FAMILIAR;SER010;CENTRO DE DESARROLLO INTEGRAL DE LA FAMILIA;150142;LIMA METROPOLITANA;LIMA;VILLA EL SALVADOR;121300;VILLA HERMOSA;1;219;107;112;0;0;0;174;84;90;14;8;6;0;0;0;;;;31;15;16
2021;ENE - DIC;15/01/2022;ENT002;PROGRAMA INTEGRAL NACIONAL PARA EL BIENESTAR FAMILIAR;LIN004;PROMOCIÓN FAMILIAR;SER010;CENTRO DE DESARROLLO INTEGRAL DE LA FAMILIA;20101;ÁNCASH;HUARAZ;HUARAZ;130100;HUARÁZ;1;296;140;156;0;0;0;206;95;111;57;30;27;3;2;1;;;;30;13;17
2021;ENE - DIC;15/01/2022;ENT002;PROGRAMA INTEGRAL NACIONAL PARA EL BIENESTAR FAMILIAR;LIN004;PROMOCIÓN FAMILIAR;SER010;CENTRO DE DESARROLLO INTEGRAL DE LA FAMILIA;50101;AYACUCHO;HUAMANGA;AYACUCHO;130200;AYACUCHO;1;385;203;182;0;0;0;133;69;64;128;68;60;4;4;0;;;;120;62;58
2021;ENE - DIC;15/01/2022;ENT002;PROGRAMA INTEGRAL NACIONAL PARA EL BIENESTAR FAMILIAR;LIN004;PROMOCIÓN FAMILIAR;SER010;CENTRO DE DESARROLLO INTEGRAL DE LA FAMILIA;110301;ICA;NASCA;NASCA;130600;MAGDALENA ROBLES CANALES;1;200;98;102;0;0;0;106;47;59;52;21;31;2;1;1;;;;40;29;11
2021;ENE - DIC;15/01/2022;ENT002;PROGRAMA INTEGRAL NACIONAL PARA EL BIENESTAR FAMILIAR;LIN004;PROMOCIÓN FAMILIAR;SER010;CENTRO DE DESARROLLO INTEGRAL DE LA FAMILIA;120305;JUNÍN;CHANCHAMAYO;SAN RAMÓN;130700;SAN RAMÓN;1;168;76;92;0;0;0;84;35;49;38;14;24;0;0;0;;;;46;27;19
2021;ENE - DIC;15/01/2022;ENT002;PROGRAMA INTEGRAL NACIONAL PARA EL BIENESTAR FAMILIAR;LIN004;PROMOCIÓN FAMILIAR;SER010;CENTRO DE DESARROLLO INTEGRAL DE LA FAMILIA;160201;LORETO;ALTO AMAZONAS;YURIMAGUAS;131100;YURIMAGUAS;1;327;170;157;0;0;0;173;96;77;83;53;30;2;2;0;;;;69;19;50
2021;ENE - DIC;15/01/2022;ENT002;PROGRAMA INTEGRAL NACIONAL PARA EL BIENESTAR FAMILIAR;LIN004;PROMOCIÓN FAMILIAR;SER010;CENTRO DE DESARROLLO INTEGRAL DE LA FAMILIA;210401;PUNO;CHUCUITO;JULI;131500;JULI;1;261;115;146;0;0;0;116;51;65;110;47;63;1;1;0;;;;34;16;18
2021;ENE - DIC;15/01/2022;ENT002;PROGRAMA INTEGRAL NACIONAL PARA EL BIENESTAR FAMILIAR;LIN004;PROMOCIÓN FAMILIAR;SER010;CENTRO DE DESARROLLO INTEGRAL DE LA FAMILIA;230101;TACNA;TACNA;TACNA;131600;CABITOS;1;320;162;158;0;0;0;210;102;108;58;25;33;2;2;0;;;;50;33;17
2021;ENE - DIC;15/01/2022;ENT002;PROGRAMA INTEGRAL NACIONAL PARA EL BIENESTAR FAMILIAR;LIN004;PROMOCIÓN FAMILIAR;SER010;CENTRO DE DESARROLLO INTEGRAL DE LA FAMILIA;230101;TACNA;TACNA;TACNA;131700;ROSA CODA MATORELL;1;218;112;106;0;0;0;153;73;80;29;19;10;1;1;0;;;;35;19;16
2021;ENE - DIC;15/01/2022;ENT002;PROGRAMA INTEGRAL NACIONAL PARA EL BIENESTAR FAMILIAR;LIN004;PROMOCIÓN FAMILIAR;SER010;CENTRO DE DESARROLLO INTEGRAL DE LA FAMILIA;10201;AMAZONAS;BAGUA;BAGUA;131900;BAGUA;1;194;101;93;1;0;1;85;42;43;71;34;37;2;1;1;;;;35;24;11
2021;ENE - DIC;15/01/2022;ENT002;PROGRAMA INTEGRAL NACIONAL PARA EL BIENESTAR FAMILIAR;LIN004;PROMOCIÓN FAMILIAR;SER010;CENTRO DE DESARROLLO INTEGRAL DE LA FAMILIA;90401;HUANCAVELICA;CASTROVIRREYNA;CASTROVIRREYNA;132000;CASTROVIRREYNA;1;348;157;191;0;0;0;197;100;97;101;42;59;8;3;5;;;;42;12;30
2021;ENE - DIC;15/01/2022;ENT002;PROGRAMA INTEGRAL NACIONAL PARA EL BIENESTAR FAMILIAR;LIN004;PROMOCIÓN FAMILIAR;SER010;CENTRO DE DESARROLLO INTEGRAL DE LA FAMILIA;60101;CAJAMARCA;CAJAMARCA;CAJAMARCA;133000;CAJAMARCA;1;184;103;81;0;0;0;111;63;48;71;40;31;2;0;2;;;;0;0;0
2021;ENE - DIC;15/01/2022;ENT002;PROGRAMA INTEGRAL NACIONAL PARA EL BIENESTAR FAMILIAR;LIN004;PROMOCIÓN FAMILIAR;SER010;CENTRO DE DESARROLLO INTEGRAL DE LA FAMILIA;170101;MADRE DE DIOS;TAMBOPATA;TAMBOPATA;134000;TAMBOPATA;1;52;31;21;0;0;0;37;22;15;15;9;6;0;0;0;;;;0;0;0
2022;ENE - NOV;15/12/2022;ENT002;PROGRAMA INTEGRAL NACIONAL PARA EL BIENESTAR FAMILIAR;LIN004;PROMOCIÓN FAMILIAR;SER010;CENTRO DE DESARROLLO INTEGRAL DE LA FAMILIA;150110;LIMA METROPOLITANA;LIMA;COMAS;120100;AÑO NUEVO;1;517;268;249;0;0;0;351;176;175;82;45;37;;;;;;;84;47;37
2022;ENE - NOV;15/12/2022;ENT002;PROGRAMA INTEGRAL NACIONAL PARA EL BIENESTAR FAMILIAR;LIN004;PROMOCIÓN FAMILIAR;SER010;CENTRO DE DESARROLLO INTEGRAL DE LA FAMILIA;150110;LIMA METROPOLITANA;LIMA;COMAS;120200;COLLIQUE;1;317;159;158;0;0;0;192;97;95;72;36;36;;;;;;;53;26;27
2022;ENE - NOV;15/12/2022;ENT002;PROGRAMA INTEGRAL NACIONAL PARA EL BIENESTAR FAMILIAR;LIN004;PROMOCIÓN FAMILIAR;SER010;CENTRO DE DESARROLLO INTEGRAL DE LA FAMILIA;150107;LIMA METROPOLITANA;LIMA;CHACLACAYO;120300;DALIAS;1;749;397;352;1;1;0;472;251;221;201;108;93;;;;;;;75;37;38
2022;ENE - NOV;15/12/2022;ENT002;PROGRAMA INTEGRAL NACIONAL PARA EL BIENESTAR FAMILIAR;LIN004;PROMOCIÓN FAMILIAR;SER010;CENTRO DE DESARROLLO INTEGRAL DE LA FAMILIA;150143;LIMA METROPOLITANA;LIMA;VILLA MARÍA DEL TRIUNFO;120400;ROSA DE LIMA;1;523;275;248;0;0;0;366;202;164;88;41;47;;;;;;;69;32;37
2022;ENE - NOV;15/12/2022;ENT002;PROGRAMA INTEGRAL NACIONAL PARA EL BIENESTAR FAMILIAR;LIN004;PROMOCIÓN FAMILIAR;SER010;CENTRO DE DESARROLLO INTEGRAL DE LA FAMILIA;150133;LIMA METROPOLITANA;LIMA;SAN JUAN DE MIRAFLORES;120500;PAMPLONA ALTA;1;556;285;271;0;0;0;426;233;193;73;27;46;;;;;;;57;25;32
2022;ENE - NOV;15/12/2022;ENT002;PROGRAMA INTEGRAL NACIONAL PARA EL BIENESTAR FAMILIAR;LIN004;PROMOCIÓN FAMILIAR;SER010;CENTRO DE DESARROLLO INTEGRAL DE LA FAMILIA;150101;LIMA METROPOLITANA;LIMA;LIMA;120600;PESTALOZZI;1;314;150;164;0;0;0;190;99;91;64;30;34;;;;;;;60;21;39
2022;ENE - NOV;15/12/2022;ENT002;PROGRAMA INTEGRAL NACIONAL PARA EL BIENESTAR FAMILIAR;LIN004;PROMOCIÓN FAMILIAR;SER010;CENTRO DE DESARROLLO INTEGRAL DE LA FAMILIA;150132;LIMA METROPOLITANA;LIMA;SAN JUAN DE LURIGANCHO;120800;SÁNCHEZ ARTEAGA;1;237;95;142;0;0;0;123;63;60;21;12;9;;;;;;;93;20;73
2022;ENE - NOV;15/12/2022;ENT002;PROGRAMA INTEGRAL NACIONAL PARA EL BIENESTAR FAMILIAR;LIN004;PROMOCIÓN FAMILIAR;SER010;CENTRO DE DESARROLLO INTEGRAL DE LA FAMILIA;150142;LIMA METROPOLITANA;LIMA;VILLA EL SALVADOR;120900;SANTA BERNARDITA;1;161;66;95;0;0;0;118;50;68;14;5;9;;;;;;;29;11;18
2022;ENE - NOV;15/12/2022;ENT002;PROGRAMA INTEGRAL NACIONAL PARA EL BIENESTAR FAMILIAR;LIN004;PROMOCIÓN FAMILIAR;SER010;CENTRO DE DESARROLLO INTEGRAL DE LA FAMILIA;150112;LIMA METROPOLITANA;LIMA;INDEPENDENCIA;121000;TAHUANTINSUYO;1;614;331;283;2;2;0;379;207;172;98;48;50;;;;;;;135;74;61
2022;ENE - NOV;15/12/2022;ENT002;PROGRAMA INTEGRAL NACIONAL PARA EL BIENESTAR FAMILIAR;LIN004;PROMOCIÓN FAMILIAR;SER010;CENTRO DE DESARROLLO INTEGRAL DE LA FAMILIA;150102;LIMA METROPOLITANA;LIMA;ANCÓN;121100;TURQUEZAS;1;947;459;488;0;0;0;569;280;289;249;120;129;;;;;;;129;59;70
2022;ENE - NOV;15/12/2022;ENT002;PROGRAMA INTEGRAL NACIONAL PARA EL BIENESTAR FAMILIAR;LIN004;PROMOCIÓN FAMILIAR;SER010;CENTRO DE DESARROLLO INTEGRAL DE LA FAMILIA;150142;LIMA METROPOLITANA;LIMA;VILLA EL SALVADOR;121200;SAN JUDAS TADEO;1;286;130;156;1;1;0;197;96;101;40;18;22;;;;;;;48;15;33
2022;ENE - NOV;15/12/2022;ENT002;PROGRAMA INTEGRAL NACIONAL PARA EL BIENESTAR FAMILIAR;LIN004;PROMOCIÓN FAMILIAR;SER010;CENTRO DE DESARROLLO INTEGRAL DE LA FAMILIA;150142;LIMA METROPOLITANA;LIMA;VILLA EL SALVADOR;121300;VILLA HERMOSA;1;345;164;181;0;0;0;263;126;137;42;21;21;;;;;;;40;17;23
2022;ENE - NOV;15/12/2022;ENT002;PROGRAMA INTEGRAL NACIONAL PARA EL BIENESTAR FAMILIAR;LIN004;PROMOCIÓN FAMILIAR;SER010;CENTRO DE DESARROLLO INTEGRAL DE LA FAMILIA;20101;ÁNCASH;HUARAZ;HUARAZ;130100;HUARÁZ;1;392;183;209;0;0;0;266;126;140;87;43;44;;;;;;;39;14;25
2022;ENE - NOV;15/12/2022;ENT002;PROGRAMA INTEGRAL NACIONAL PARA EL BIENESTAR FAMILIAR;LIN004;PROMOCIÓN FAMILIAR;SER010;CENTRO DE DESARROLLO INTEGRAL DE LA FAMILIA;50101;AYACUCHO;HUAMANGA;AYACUCHO;130200;AYACUCHO;1;676;331;345;0;0;0;241;123;118;261;133;128;;;;;;;174;75;99
2022;ENE - NOV;15/12/2022;ENT002;PROGRAMA INTEGRAL NACIONAL PARA EL BIENESTAR FAMILIAR;LIN004;PROMOCIÓN FAMILIAR;SER010;CENTRO DE DESARROLLO INTEGRAL DE LA FAMILIA;110301;ICA;NASCA;NASCA;130600;MAGDALENA ROBLES CANALES;1;245;129;116;0;0;0;139;74;65;63;24;39;;;;;;;43;31;12
2022;ENE - NOV;15/12/2022;ENT002;PROGRAMA INTEGRAL NACIONAL PARA EL BIENESTAR FAMILIAR;LIN004;PROMOCIÓN FAMILIAR;SER010;CENTRO DE DESARROLLO INTEGRAL DE LA FAMILIA;120305;JUNÍN;CHANCHAMAYO;SAN RAMÓN;130700;SAN RAMÓN;1;200;101;99;0;0;0;106;50;56;59;27;32;;;;;;;35;24;11
2022;ENE - NOV;15/12/2022;ENT002;PROGRAMA INTEGRAL NACIONAL PARA EL BIENESTAR FAMILIAR;LIN004;PROMOCIÓN FAMILIAR;SER010;CENTRO DE DESARROLLO INTEGRAL DE LA FAMILIA;160201;LORETO;ALTO AMAZONAS;YURIMAGUAS;131100;YURIMAGUAS;1;429;231;198;0;0;0;239;136;103;121;74;47;;;;;;;69;21;48
2022;ENE - NOV;15/12/2022;ENT002;PROGRAMA INTEGRAL NACIONAL PARA EL BIENESTAR FAMILIAR;LIN004;PROMOCIÓN FAMILIAR;SER010;CENTRO DE DESARROLLO INTEGRAL DE LA FAMILIA;210401;PUNO;CHUCUITO;JULI;131500;JULI;1;261;127;134;0;0;0;112;49;63;98;48;50;;;;;;;51;30;21
2022;ENE - NOV;15/12/2022;ENT002;PROGRAMA INTEGRAL NACIONAL PARA EL BIENESTAR FAMILIAR;LIN004;PROMOCIÓN FAMILIAR;SER010;CENTRO DE DESARROLLO INTEGRAL DE LA FAMILIA;230101;TACNA;TACNA;TACNA;131600;CABITOS;1;378;183;195;0;0;0;238;114;124;81;35;46;;;;;;;59;34;25
2022;ENE - NOV;15/12/2022;ENT002;PROGRAMA INTEGRAL NACIONAL PARA EL BIENESTAR FAMILIAR;LIN004;PROMOCIÓN FAMILIAR;SER010;CENTRO DE DESARROLLO INTEGRAL DE LA FAMILIA;230101;TACNA;TACNA;TACNA;131700;ROSA CODA MATORELL;1;329;171;158;0;0;0;222;104;118;47;30;17;;;;;;;60;37;23
2022;ENE - NOV;15/12/2022;ENT002;PROGRAMA INTEGRAL NACIONAL PARA EL BIENESTAR FAMILIAR;LIN004;PROMOCIÓN FAMILIAR;SER010;CENTRO DE DESARROLLO INTEGRAL DE LA FAMILIA;10201;AMAZONAS;BAGUA;BAGUA;131900;BAGUA;1;313;151;162;0;0;0;162;70;92;109;55;54;;;;;;;42;26;16
2022;ENE - NOV;15/12/2022;ENT002;PROGRAMA INTEGRAL NACIONAL PARA EL BIENESTAR FAMILIAR;LIN004;PROMOCIÓN FAMILIAR;SER010;CENTRO DE DESARROLLO INTEGRAL DE LA FAMILIA;90401;HUANCAVELICA;CASTROVIRREYNA;CASTROVIRREYNA;132000;CASTROVIRREYNA;1;266;117;149;0;0;0;148;76;72;80;29;51;;;;;;;38;12;26
2022;ENE - NOV;15/12/2022;ENT002;PROGRAMA INTEGRAL NACIONAL PARA EL BIENESTAR FAMILIAR;LIN004;PROMOCIÓN FAMILIAR;SER010;CENTRO DE DESARROLLO INTEGRAL DE LA FAMILIA;60101;CAJAMARCA;CAJAMARCA;CAJAMARCA;133000;CAJAMARCA;1;335;194;141;0;0;0;223;128;95;112;66;46;;;;;;;0;0;0
2022;ENE - NOV;15/12/2022;ENT002;PROGRAMA INTEGRAL NACIONAL PARA EL BIENESTAR FAMILIAR;LIN004;PROMOCIÓN FAMILIAR;SER010;CENTRO DE DESARROLLO INTEGRAL DE LA FAMILIA;170101;MADRE DE DIOS;TAMBOPATA;TAMBOPATA;134000;TAMBOPATA;1;71;43;28;0;0;0;51;29;22;20;14;6;;;;;;;0;0;0
